,Proteomics_Tumor_Normal_Other_tumor_enrichment_FDR,Myometrial_invasion_Specify_50%_or_more_enrichment_FDR,Histologic_type_Serous_enrichment_FDR,Path_Stage_Reg_Lymph_Nodes-pN_FIGO_III_enrichment_FDR,LVSI_1.0_enrichment_FDR,Age_Young_enrichment_FDR,Tumor_Site_Anterior_enrichment_FDR,Tumor_Focality_Multifocal_enrichment_FDR,MSI_status_MSI-H_enrichment_FDR,Genomics_subtype_MSI-H_enrichment_FDR
A2ML1,,,,,,,,,,
AAAS,,,,,,,,,,
AADAT,,,,,,,,,,
AAMP,,,0.011381064144233167,0.02856263343748887,,,,,,
AARS,,,,,,,,,,
AATF,,,0.0002824894790007241,0.04719965439541532,,,,,,
ABCA8,,,,,,,,,,
ABCC3,,,,,,,,,,
ABCC4,,,,,,,,,,
ABCD1,,,0.0029465196536075677,,,,,,,
ABCF3,,,0.0007104736441665648,,,,,,,
ABHD13,,,,,,,,,,
ABHD14A-ACY1,,,,,,,,,,
ABL2,,,,,,,,,,
ABLIM1,,,,,,,,,,
ABT1,,,0.00014862525269932115,,,,,,,
ACAA1,,,,,,,,,,
ACAD10,,,,,,,,,,
ACADL,,,,,,,,,,
ACAP1,,,,,,,,,,
ACAT2,,,,,,,,,,
ACBD7,,,,,,,,,,
ACLY,,,,,,,,,,
ACOT4,,,,,,,,,,
ACOT7,,,0.004512811271143977,,,,,,,
ACP2,,,,,,,,,,
ACP6,,,,,,,,,,
ACSL1,,,0.09349597962121196,,,,,,,
ACSL3,,,,,,,,,,
ACSL4,,,,,,,,,,
ACSL5,,,,,,,,,,
ACTA2,,,,,,,,,,
ACTB,,,,,,,,,,
ACTBL2,,,,,,,,,,
ACTL6A,,,0.0039416024863360155,,,,,,,
ACTR2,,,,,,,,,,
ACYP1,,,,,,,,,,
ACYP2,,,,,,,,,,
ADAM15,,,,,,,,,,
ADAM9,,,,,,,,,,
ADAMTS1,,,0.024365900791293728,,,,,,,
ADAP1,,,,,,,,,,
ADAR,,,0.0589294538747464,,,,,,,
ADAT3,,,,,,,,,,
ADCY6,,,,,,,,,,
ADD2,,,,,,,,,,
ADGRL2,,,,,,,,,,
ADGRL3,,,,,,,,,,
ADK,,,,,,,,,,
ADNP,,,0.00018372156618720462,0.02856263343748887,,,,,,
AFDN,,,,,,,,,,
AFF4,,,,,,,,,,
AFG1L,,,,,,,,,,
AFMID,,,,,,,,,,
AGA,,,,,,,,,,
AGPAT4,,,,,,,,,,
AGR2,,,,,,,,,,
AGTPBP1,,,,,,,,,,
AHCTF1,,,,,,,,,,
AHR,,,,,,,,,,
AHSP,,,,,,,,,,
AIF1L,,,,,,,,,,
AIFM2,,,,,,,,,,
AK2,,,0.04531412582602602,,,,,,,
AK6,,,,,,,,,,
AKAP1,,,,,,,,,,
AKAP13,,,,,,,,,,
AKAP8,,,0.0007419063143518741,,,,,,,
AKAP8L,,,0.00039680819440489795,,,,,,,
AKAP9,,,,,,,,,,
AKR1B10,,,,,,,,,,
AKR1C1,,,,,,,,,,
AKR1C3,,,,,,,,,,
AKT1,,,,,,,,,,
AKTIP,,,,,,,,,,
ALDH18A1,,,,,,,,,,
ALDH1L2,,,,,,,,,,
ALDH3B1,,,,,,,,,,
ALDH5A1,,,,,,,,,,
ALDOB,,,,,,,,,,
ALG11,,,,,,,,,,
ALG2,,,,,,,,,,
ALKBH5,,,0.0018446075456292341,,,,,,,
ALOX15,,,,,,,,,,
ALOX5,,,0.01741079077680733,,,,,,,
ALOX5AP,,,,,,,,,,
ALPG,,,,,,,0.0074606962025178655,,,
ALPK1,,,,,,,,,,
ALPL,,,,,,,,,,
AMACR,,,,,,,,,,
AMFR,,,,,,,,,,
AMPD2,,,,,,,,,,
AMPD3,,,,,,,,,,
ANAPC4,,,,,,,,,,
ANAPC5,,,,,,,,,,
ANAPC7,,,,,,,,,,
ANGEL2,,,,,,,,,,
ANGPT2,,,,,,,,,,
ANK1,,,,,,,,,,
ANKRD10,,,0.006700075216295948,,,,,,,
ANKRD35,,,,,,,,,,
ANKZF1,,,,,,,,,,
ANLN,,,,,,,,,,
ANO10,,,,,,,,,,
ANPEP,,,,,,,,,,
ANXA1,,,,,,,,,,
ANXA13,,,,,,,,,,
ANXA2,,,,,,,,,,
ANXA4,,,,,,,,,,
ANXA8,,,,,,,,,,
ANXA9,,,,,,,,,,
AOC1,,,,,,,,,,
AP1AR,,,,,,,,,,
AP1S3,,,,,,,,,,
AP2S1,,,,,,,,,,
AP4M1,,,,,,,,,,
AP5M1,,,,,,,,,,
APBB1IP,,,,,,,,,,
APCDD1,,,,,,,,,,
APCS,2.3956318599815836e-07,,,,,,,,,
APEX2,,,,,,,,,,
API5,,,,,,,,,,
APLP2,,,,,,,,,,
APMAP,,,,,,,,,,
APOBEC3B,,,,,,,,,,
APOC1,,,,,,,,,,
APOC2,,,,,,,,,,
APOL2,,,,,,,,,,
APP,,,,,,,,,,
APPBP2,,,,,,,,,,
APTX,,,,,,,,,,
AQP5,,,,,,,,,,
AQR,,,0.0029465196536075677,,,,,,,
ARFGAP2,,,,,,,,,,
ARG1,,,,,,,,,,
ARG2,,,,,,,,,,
ARHGAP12,,,,,,,,,,
ARHGAP15,,,0.04072206006817806,,,,,,,
ARHGAP29,,,0.001261768452169972,,,,,,,
ARHGAP30,,,,,,,,,,
ARHGAP4,,,0.004512811271143977,,,,,,,
ARHGAP45,,,0.04531412582602602,,,,,,,
ARHGEF1,,,0.01741079077680733,,,,,,,
ARHGEF10L,,,,,,,,,,
ARHGEF2,,,0.024365900791293728,,,,,,,
ARHGEF28,,,,,,,,,,
ARHGEF3,,,0.01741079077680733,,,,,,,
ARID1A,,,2.2184590142636876e-05,,,,,,,
ARID2,,,,,,,,,,
ARID4B,,,,,,,,,,
ARL14EP,,,0.0039416024863360155,,,,,,,
ARL4C,,,0.008095901564511915,,,,,,,
ARL5A,,,,,,,,,,
ARL5B,,,,,,,,,,
ARMC6,,,0.00039680819440489795,,,,,,,
ARMC8,,,,,,,,,,
ARMCX2,,,,,,,,,,
ARMCX3,,,,,,,,,,
ARNT,,,,,,,,,,
ARPC1B,,,,,,,,,,
ARPC3,,,,,,,,,,
ARPC4,,,,,,,,,,
ARSD,,,,,,,,,,
ARV1,,,,,,,,,,
ASB6,,,,,,,,,,
ASH1L,,,,,,,,,,
ASNA1,,,0.018652443383799188,,,,,,,
ASNS,,,,,,,,,,
ASPSCR1,,,0.024365900791293728,0.03618892057128567,,,,,,
ASS1,,,,,,,,,,
ASTE1,,,,,,,,,,
ASXL2,,,,,,,,,,
ATAD1,,,,,,,,,,
ATAD2,,,,,,,,,,
ATAD2B,,,0.011381064144233167,,,,,,,
ATAT1,,,,,,,,,,
ATF1,,,,,,,,,,
ATF7IP,,,0.0018446075456292341,,,,,,,
ATG101,,,,,,,,,,
ATG12,,,,,,,,,,
ATG13,,,0.004512811271143977,,,,,,,
ATG16L1,,,,,,,,,,
ATG4A,,,,,,,,,,
ATG4B,,,,,,,,,,
ATG5,,,,,,,,,,
ATG7,,,,,,,,,,
ATOX1,,,,0.0327760308326458,,,,,,
ATP11A,,,,,,,,,,
ATP11C,,,,,,,,,,
ATP13A1,,,,,,,,,,
ATP1B2,,,,,,,,,,
ATP2A3,,,,,,,,,,
ATP2C2,,,,,,,,,,
ATP6V0A2,,,,,,,,,,
ATP6V1A,,,,,,,,,,
ATP6V1B1,,,0.037420343435964815,,,,,,,
ATP6V1C2,,,,,,,,,,
ATP6V1D,,,,,,,,,,
ATP6V1F,,,,,,,,,,
ATP7A,,,,,,,,,,
ATP8B1,,,,,,,,,,
ATP9B,,,,,,,,,,
ATRX,,,,,,,,,,
ATXN2L,,,,,,,,,,
ATXN7L3,,,,,,,,,,
AURKB,,,,,,,,,,
AZU1,,,,,,,,,,
B3GAT3,,,,,,,,,,
B3GNT2,,,,,,,,,,
B3GNT7,,,,,,,,,,
B4GALNT3,,,,,,,,,,
BABAM1,,,,,,,,,,
BAG5,,,,,,,,,,
BAG6,,,,,,,,,,
BAHD1,,,,,,,,,,
BAIAP2,,,,,,,,,,
BAZ2B,,,,,,,,,,
BBOX1,,,,,,,,,,
BCAM,,,0.0029465196536075677,,,,,,,
BCAR1,,,,,,,,,,
BCAR3,,,,,,,,,,
BCAS1,,,,,,,,,,
BCAS2,,,,,,,,,,
BCAT1,,,,,,,,,,
BCAT2,,,,,,,,,,
BCKDHA,,,,,,,,,,
BCKDHB,,,,,,,,,,
BCL10,,,,,,,,,,
BCL2L1,,,0.006700075216295948,,,,,,,
BCL2L11,,,0.03301107162266446,,,,,,,
BCL7A,,,0.0018446075456292341,0.021450752509368027,,,,,,
BCL7B,,,,,,,,,,
BCL9,,0.050296575566300454,0.03204659991523783,,,,,,,
BCL9L,,,,,,,,,,
BCS1L,,,,,,,,,,
BDH1,,,,,,,,,,
BICDL2,,,,,,,,,,
BIN2,,,,,,,,,,
BIRC5,,,,,,,,,,
BLZF1,,,,,,,,,,
BMF,,,,,,,,,,
BMP1,,,,,,,,,,
BMP2K,,,,,,,,,,
BMS1,,,,,,,,,,
BMT2,,,,,,,,,,
BOLA2,,,,,,,,,,
BOP1,,,0.0029465196536075677,,,,,,,
BORCS6,,,,,,,,,,
BORCS8,,,,,,,,,,
BPGM,,,,,,,,,,
BPI,,,,,,,,,,
BPIFB1,,,,,,,,,,
BPIFB2,,,,,,,,,,
BPNT1,,,,,,,,,,
BPTF,,,3.043407472812206e-05,0.04719965439541532,,,,,,
BRAP,,,,,,,,,,
BRD7,,,0.0039416024863360155,,,,,,,
BRD8,,,,,,,,,,
BRD9,,,,,,,,,,
BROX,,,,,,,,0.032082125230226945,,
BST1,,,,,,,,,,
BST2,,,,,,,,,,
BTK,,,,,,,,,,
BUB1,,,,,,,,,,
BUB1B,,,,,,,,,,
BUD13,,,,,,,,,,
C11orf58,,,,,,,,,,
C11orf98,,,,,,,,,,
C12orf10,,,0.024365900791293728,,,,,,,
C12orf43,,,,,,,,,,
C14orf93,,,,,,,,,,
C15orf48,,,,,,,,,,
C17orf49,,,,,,,,,,
C18orf25,,,0.00039680819440489795,0.0327760308326458,,,,,,
C19orf33,,,,,,,,,,
C19orf47,,,0.0029465196536075677,,,,,,,
C1GALT1C1,,,,,,,,,,
C1orf109,,,,,,,,,,
C1orf116,,,,,,,,,,
C1orf122,,,,,,,,,,
C1orf226,,,,,,,,,,
C1orf52,,,,,,,,,,
C1QC,,,,,,,,,,
C1QTNF3,,,,,,,,,,
C1QTNF5,,,,,,,,,,
C1QTNF7,,,,,,,,,,
C21orf91,,,,,,,,,,
C2CD3,,,,,,,,,,
C2orf54,,,,,,,,,,
C2orf68,,,,,,,,,,
C2orf88,,,,,,,,,,
C3,,,,,,,,,,
C3orf58,,,,,,,,,,
C4B,,,,,,,,,,
C4BPA,,,,,,,,,,
C4BPB,,,,,,,,,,
C4orf33,,,,,,,,,,
C5orf22,,,,,,,,,,
C5orf51,,,,,,,,,,
C6orf132,,,,,,,,,,
C7orf43,,,,,,,,,,
C8orf33,,,,,,,,,,
C8orf59,,,0.024365900791293728,,,,,,,
C9orf40,,,,,,,,,,
CA1,,,,,,,,,,
CA13,,,,,,,,,,
CA2,,,,,,,,,,
CA4,,,,,,,,,,
CA9,,,,,,,,,,
CAAP1,,,,,,,,,,
CAB39,,,,,,,,,,
CACUL1,,,,,,,,,,
CAD,,,0.0018446075456292341,,,,,,,
CALB1,,,,,,,,,,
CALB2,,,,,,,,,,
CALML3,,,,,,,,,,
CALR,,,,,,,,,,
CALU,,,,,,,,,,
CAMP,,,,,,,,,,
CAMSAP1,,,,,,,,,,
CAND1,,,,,,,,,,
CAPG,,,0.006700075216295948,,,,,,,
CAPN1,,,,,,,,,,
CAPN13,,,,,,,,,,
CAPN15,,,,,,,,,,
CAPN5,,,,,,,,,,
CAPZA1,,,,,,,,,,
CARD16,,,,,,,,,,
CARD9,,,,,,,,,,
CARM1,,,0.006700075216295948,0.02506586355518376,,,,,,
CARS,,,,,,,,,,
CASC3,,,0.0007419063143518741,,,,,,,
CASP1,,,0.024365900791293728,,,,,,,
CASP10,,,,,,,,,,
CASP14,,,,,,,,,,
CASP9,,,,,,,,,,
CASTOR2,,,,,,,,,,
CASZ1,,,,,,,,,,
CAT,,,,,,,,,,
CBFA2T2,,,,,,,,,,
CBR4,,,,,,,,,,
CBS,,,0.003642139229427304,,,,,,,
CBX2,,,,,,,,,,
CBX5,,,0.006700075216295948,,,,,,,
CC2D1B,,,,,,,,,,
CCAR2,,,,,,,,,,
CCDC115,,,0.006700075216295948,,,,,,,
CCDC117,,,,,,,,,,
CCDC12,,,,,,,,,,
CCDC120,,,,,,,,,,
CCDC124,,,0.006700075216295948,,,,,,,
CCDC25,,,,,,,,,,
CCDC6,,,0.0029465196536075677,,,,,,,
CCDC61,,,,,,,,,,
CCDC80,,,,,,,,,,
CCDC86,,,,,,,,,,
CCDC88B,,,,,,,,,,
CCL20,,,,,,,,,0.00813585654143603,0.00813585654143603
CCL5,,,,,,,,,,
CCNA2,,,,,,,,,,
CCNB1,,,,,,,,,,
CCNB2,,,,,,,,,,
CCNC,,,,,,,,,,
CCND1,,,,,,,,,,
CCNDBP1,,,,,,,,,,
CCNE1,,,0.020865346707465125,,,,,,,
CCNK,,,0.0018446075456292341,,,,,,,
CCNL2,,,,,,,,,,
CCNT1,,,0.024365900791293728,0.07907524734660089,,,,,,
CCP110,,,,,,,,,,
CCSAP,,,,,,,,,,
CCT5,,,,,,,,,,
CD163,,,0.0589294538747464,,,,,,,
CD177,,,,,,,,,,
CD180,,,,,,,,,,
CD2AP,,,,,,,,,,
CD38,,,0.005981793665446287,,,,,,,
CD40,,,0.0018446075456292341,,,,,,,
CD47,,,,,,,,,,
CD53,,,,,,,,,,
CD58,,,,,,,,,,
CD69,,,,,,,,,,
CDA,,,,,,,,,,
CDAN1,,,,,,,,,,
CDC123,,,0.01741079077680733,,,,,,,
CDC16,,,,,,,,,,
CDC20,,,,,,,,,,
CDC37,,,0.01741079077680733,,,,,,,
CDC42,,,,,,,,,,
CDC42BPG,,,,,,,,,,
CDC42EP4,,,,,,,,,,
CDC5L,,,,,,,,,,
CDC73,,,,,,,,,,
CDCA2,,,,,,,,,,
CDCA3,,,,,,,,,,
CDCA7L,,,,,,,,,,
CDCA8,,,0.00020763117660043139,,,,,,,
CDH3,,,,,,,,,,
CDH6,,,0.002065007660421817,,,,,,,
CDK11B,,,2.2184590142636876e-05,,,,,,,
CDK12,,,0.00018372156618720462,,,,,,,
CDK13,,,,,,,,,,
CDK18,,,,,,,,,,
CDK2,,,,,,,,,,
CDK2AP1,,,0.004512811271143977,,,,,,,
CDK6,,,,,,,,,,
CDK7,,,,,,,,,,
CDK8,,,,,,,,,,
CDKN2A,,,0.00039680819440489795,,,,,,,
CDR2,,,,,,,,,,
CDR2L,,,0.0039416024863360155,,,,,,,
CDV3,,,0.006700075216295948,,,,,,,
CDYL,,,,,,,,,,
CEACAM1,,,,,,,,,,
CEACAM5,,,,,,,,,,
CEACAM6,,,,,,,,,,
CEACAM7,,,,,,,,,,
CEACAM8,,,,,,,,,,
CEBPG,,,,,,,,,,
CEBPZ,,,0.006700075216295948,,,,,,,
CEL,,,,,,,,,,
CELF1,,,0.006700075216295948,,,,,,,
CENPF,,,0.00039680819440489795,,,,,,,
CENPT,,,,,,,,,,
CENPX,,,,,,,,,,
CEP131,,,,,,,,,,
CEP170,,,,,,,,,,
CEP250,2.350225008300639e-08,,,,,,,,,
CEP290,,,,,,,,,,
CEP350,,,,,,,,,,
CEP55,,,,,,,,,,
CEP63,,,,,,,,,,
CEP76,,,,,,,,,,
CEP85,,,,,,,,,,
CEP97,,,,,,,,,,
CERCAM,,,,,,,,,,
CERS4,,,,,,,,,,
CES3,,,,,,,,,,
CFAP36,,,,,,,,,,
CFAP77,,,,,,,,,,
CGAS,,,,,,,,,,
CGREF1,,,,,,,,,,
CHAC2,,,,,,,,,,
CHAF1A,,,,,,,,,,
CHCHD4,,,,,,,,,,
CHD1,,,,,,,,,,
CHD3,,,,,,,,,,
CHD4,,,0.00011259096500962301,0.021450752509368027,,,,,,
CHD6,,,,,,,,,,
CHD7,,,0.010403029837854693,,,,,,,
CHD8,,,0.0007419063143518741,,,,,,,
CHEK1,,,,,,,,,,
CHERP,,,0.0039416024863360155,,,,,,,
CHI3L1,,,,,,,,,,
CHID1,,,,,,,,,,
CHIT1,,,,,,,,,,
CHKA,,,,,,,,,,
CHML,,,,,,,,,,
CHMP1B,,,,,,,,,,
CHMP5,,,0.011381064144233167,,,,,,,
CHMP6,,,,,,,,,,
CHMP7,,,,,,,,,,
CHORDC1,,,,,,,,,,
CHP1,,,,,,,,,,
CHPF2,,,,,,,,,,
CHRAC1,,,,,,,,,,
CHST4,,,,,,,,,,
CHST6,,,,,,,,,,
CHTF18,,,0.01741079077680733,,,,,,,
CHTOP,,,,,,,,,,
CHUK,,,,,,,,,,
CHURC1,,,,,,,,,,
CILP,,,,,,,,,,
CIP2A,,,3.043407472812206e-05,0.04719965439541532,,,,,,
CIR1,,,0.006700075216295948,0.02506586355518376,,,,,,
CIT,,,,,,,,,,
CKAP2,,,0.000803637062627116,,,,,,,
CKAP2L,,,,,,,,,,
CKAP5,,,0.0039416024863360155,,,,,,,
CKS1B,,,0.023628293830054454,,,,,,,
CLASP1,,,0.0029465196536075677,,,,,,,
CLASRP,,,,,,,,,,
CLC,,,,,,,,,,
CLCA4,,,,,,0.01968027613334498,,,,
CLCN7,,,,,,,,,,
CLDN4,,,,,,,,,,
CLDN6,,,0.029528296747145983,,,,,,,
CLDN7,,,,,,,,,,
CLEC11A,,,,,,,,,,
CLIC3,,,,,,,,,,
CLIC5,,,,,,,,,,
CLIC6,,,,,,,,,,
CLK3,,,,,,,,,,
CLPTM1L,,,,,,,,,,
CLSTN1,,,,,,,,,,
CLSTN3,,,,,,,,,,
CLTC,,,,,,,,,,
CLTCL1,,,,,,,,,,
CMC1,,,,,,,,,,
CMSS1,,,0.00039680819440489795,0.023933338451491152,,,,,,
CMTM4,,,,,,,,,,
CMTM8,,,,,,,,,,
CMTR1,,,2.2184590142636876e-05,0.023933338451491152,,,,,,
CNN2,,,,,,,,,,
CNNM2,,,,,,,,,,
CNNM4,,,,,,,,,,
CNOT3,,,,,,,,,,
CNOT8,,,,,,,,,,
CNP,,,,,,,,,,
CNPY2,,,,,,,,,,
CNPY3,,,,,,,,,,
CNST,,,,,,,,,,
COA3,,,,,,,,,,
COA5,,,,,,,,,,
COCH,,,,,,,,,,
COIL,,,,,,,,,,
COL12A1,,,,,,,,,,
COL21A1,,,,,,,,,,
COL2A1,,,,,,,,,,
COL4A3BP,,,,,,,,,0.029813066698476436,0.029813066698476436
COL5A1,,,,,,,,,,
COL7A1,,,,,,,,,,
COL9A2,,,,0.03618892057128567,,,,,,
COLGALT1,,,0.0009185636032842232,,,,,,,
COMP,,,0.010006978955901927,0.04719965439541532,,,,,,
COMTD1,,,,,,,,,,
COQ10B,,,,,,,,,,
COQ3,,,,,,,,,,
COQ8A,,,,,,,,,,
CORO2A,,,,,,,,,,
CORO7,,,,,,,,,,
COTL1,,,,,,,,,,
COX11,,,,,,,,,,
COX16,,,,,,,,,,
CPD,,,,,,,,,,
CPE,,,,,,,,,,
CPOX,,,0.0589294538747464,,,,,,,
CPS1,,,,,,,,,,
CPSF1,,,0.0007104736441665648,,,,,,,
CPSF2,,,0.0029465196536075677,,,,,,,
CPSF3,,,0.0039416024863360155,,,,,,,
CPSF7,,,,,,,,,,
CPVL,,,0.011381064144233167,,,,,,,
CPXM2,,,,,,,,,,
CPZ,,,,,,,,,,
CRABP1,,,,,,,,,,
CRABP2,,,,,,,,,,
CRAT,,,,,,,,,,
CRIP1,,,,,,,,,,
CRIPT,,,0.0039416024863360155,,,,,,,
CRISP3,,,,,,,,,,
CRISPLD1,,,,,,,,,,
CRLF3,,,0.024365900791293728,,,,,,,
CRNKL1,,,,,,,,,,
CROT,,,,,,,,,,
CRP,,,,,,,,,,
CSDE1,,,,,,,,,,
CSE1L,,,0.0029465196536075677,,,,,,,
CSNK2A1,,,0.0018446075456292341,,,,,,,
CSNK2B,,,0.04531412582602602,,,,,,,
CSPP1,,,,,,,,,,
CST1,,,,,,,,,,
CST3,,,,,,,,,,
CST6,,,,,,,,,,
CSTF1,,,0.0009185636032842232,,,,,,,
CSTF2T,,,0.0589294538747464,,,,,,,
CSTF3,,,,,,,,,,
CTDNEP1,,,,,,,,,,
CTDP1,,,,,,,,,,
CTDSP1,,,,,,,,,,
CTGF,,,,,,,,,,
CTHRC1,,,0.018652443383799188,0.025772802459049407,,,,,,
CTNND1,,,,,,,,,,
CTR9,,,,,,,,,,
CTSD,,,,,,,,,,
CTSE,,,,,,,,,,
CTSG,,,,,,,,,,
CTSH,,,,,,,,,,
CTSL,,,0.07503254580745204,,,,,,,
CTSO,,,,,,,,,,
CTSS,,,,,,,,,,
CTSZ,,,,,,,,,,
CTTNBP2NL,,,,,,,,,,
CUEDC2,,,0.011381064144233167,,,,,,,
CUL2,,,,,,,,,,
CWC22,,,0.0004575301105460973,0.055922585769828004,0.0037893555452547943,,,,,
CWC25,,,0.00039680819440489795,,,,,,,
CWC27,,,,,,,,,,
CWF19L1,,,0.004512811271143977,,,,,,,
CXCL1,,,,,,,,,,
CXCL17,,,,,,,,,,
CXCL8,,,,,,,,,,
CXorf38,,,0.0029465196536075677,0.03618892057128567,,,,,,
CXXC5,,,0.00516742559627804,,,,,,,
CYBB,,,,,,,,,,
CYP2A6,,,,,,,,,,
CYP2J2,,,,,,,,,,
CYP2S1,,,0.010006978955901927,,,,,,,
CYP4F11,,,,,,,,,,
CYP4F12,,,,,,,,,,
CYP4F3,,,,,,,,,,
CYR61,,,,,,,,,,
DAAM1,,,,,,,,,,
DAB2IP,,,,,,,,,,
DALRD3,,,,,,,,,,
DBN1,,,,,,,,,,
DBNDD1,,,,,,,,,,
DBR1,,,0.01741079077680733,,,,,,,
DBT,,,,,,,,,,
DCAF1,,,,,,,,,,
DCAF13,,,0.006700075216295948,,,,,,,
DCAF7,,,,,,,,,,
DCBLD1,,,,,,,,,,
DCBLD2,,,,,,,,,,
DCLK2,,,,,,,,,,
DCP1A,,,,,,,,,,
DCTN6,,,,,,,,,,
DCUN1D1,,,,,,,,,,
DCUN1D5,,,,,,,,,,
DCXR,,,,,,,,,,
DDA1,,,,,,,,,,
DDB2,,,,,,,,,,
DDX10,,,0.004512811271143977,,,,,,,
DDX11,,,,,,,,,,
DDX18,,,2.0153528181713577e-06,,,,,,,
DDX20,,,,,,,,,,
DDX23,,,7.689283917518252e-05,,,,,,,
DDX24,,,,0.03618892057128567,,,,,,
DDX27,,,0.0009185636032842232,,,,,,,
DDX28,,,,,,,,,,
DDX39A,,,0.0039416024863360155,,,,,,,
DDX41,,,5.752931045812341e-05,,,,,,,
DDX42,,,,,,,,,,
DDX47,,,0.006700075216295948,,,,,,,
DDX5,,,,,,,,,,
DDX50,,,0.006700075216295948,,,,,,,
DDX52,,,5.608463800104816e-06,,,,,,,
DDX54,,,,,,,,,,
DDX56,,,,,,,,,,
DECR2,,,,,,,,,,
DEDD,,,,,,,,,,
DEF6,,,,,,,,,,
DEFA1B,,,,,,,,,,
DEFA3,,,,,,,,,,
DEFA4,,,,,,,,,,
DEGS1,,,,,,,,,,
DEK,,,,,,,,,,
DENND1B,,,,,,,,,,
DESI2,,,,,,,,,,
DFFB,,,,0.055922585769828004,,,,,,
DGKB,,,,,,,,,,
DGLUCY,,,,,,,,,,
DHCR24,,0.00143594408707668,,,,,,,,
DHPS,,,,,,,,,,
DHRS4,,,,,,,,,,
DHRS9,,,,,,,,,,
DHRSX,,,,,,,,,,
DHTKD1,,,,,,,,,,
DHX16,,,0.00039680819440489795,,,,,,,
DHX30,,,0.0018446075456292341,,,,,,,
DHX33,,,0.0018446075456292341,0.02856263343748887,,,,,,
DHX35,,,1.853351415028703e-05,0.02856263343748887,,,,,,
DHX36,,,2.2184590142636876e-05,,,,,,,
DHX37,,,,,,,,,,
DHX40,,,,,,,,,,
DHX8,,,,,,,,,,
DHX9,,,0.004512811271143977,,,,,,,
DIABLO,,,,,,,,,,
DIAPH3,,,0.004956833174426916,,,,,,,
DIDO1,,,0.07503254580745204,,,,,,,
DIP2B,,,,,,,,,,
DIS3,,,,,,,,,,
DIS3L,,,,,,,,,,
DKK1,,,,,,,,,,
DKK4,,,,,,,,,,
DLG1,,,,,,,,,,
DLGAP5,,,2.2184590142636876e-05,,,,,,,
DMAP1,,,,,,,,,,
DMBT1,,,,,,,,,,
DMTN,,,,,,,,,,
DMXL2,,,0.04531412582602602,,,,,,,
DNAJA2,,,,,,,,,,
DNAJA3,,,,,,,,,,
DNAJB5,,,,,,,,,,
DNAJC10,,,,,,,,,,
DNAJC7,,,0.0039416024863360155,,,,,,,
DNAL1,,,,,,,,,,
DNASE2,,,,,,,,,,
DNM2,,,0.01741079077680733,,,,,,,
DNMT1,,,,,,,,,,
DNMT3A,,,0.00039680819440489795,0.023933338451491152,,,,,,
DNMT3B,,,,,,,,,,
DNPH1,,,,,,,,,,
DNTTIP2,,,0.0007419063143518741,,,,,,,
DOCK2,,,0.006700075216295948,,,,,,,
DOCK5,,,,,,,,,,
DOCK8,,,0.024365900791293728,,,,,,,
DOP1A,,,,,,,,,,
DOP1B,,,,,,,,,,
DPEP1,,,,,,,,,,
DPP4,,,,,,,,,,
DPP7,,,,,,,,,,
DPP9,,,,,,,,,,
DRC1,,,,,,,,,,
DROSHA,,,,,,,,,,
DSC2,,,,,,,,,,
DSCC1,,,0.04531412582602602,,,,,,,
DSG2,,,,,,,,,,
DSN1,,,,,,,,,,
DTD2,,,,,,,,,,
DTX2,,,,,,,,,,
DUS1L,,,,0.021450752509368027,,,,,,
DUSP11,,,0.011381064144233167,,,,,,,
DUSP23,,,,,,,,,,
DUSP6,,,,,,,,,,
DVL2,,,,,,,,,,
DYNC1LI1,,,,,,,,,,
DYNC2LI1,,,,,,,,,,
DYNLL1,,,,,,,,,,
DYRK1B,,,,,,,,,,
DYSF,,,,,,,,,,
EAF1,,,0.005187680422478021,,,,,,,
ECE1,,,,,,,,,,
ECH1,,,,,,,,,,
ECHS1,,,,,,,,,,
ECI2,,,,,,,,,,
ECPAS,,,,,,,,,,
ECT2,,,2.2184590142636876e-05,,,,,,,
EDC4,,,0.04531412582602602,,,,,,,
EDEM2,,,,,,,,,,
EDF1,,,0.011381064144233167,,,,,,,
EED,,,0.01741079077680733,,,,,,,
EEF1AKMT2,,,,,,,,,,
EEF1B2,,,0.033986405486729106,,,,,,,
EFCAB14,,,,,,,,,,
EFHD2,,,0.006700075216295948,,,,,,,
EFR3A,,,,,,,,,,
EFTUD2,,,,,,,,,,
EGFR,,,,,,,,,,
EHD4,2.350225008300639e-08,,,,,,,,,
EHMT2,,,0.00011259096500962301,,,,,,,
EIF1,,,0.11479932807654199,,,,,,,
EIF2A,,,0.002065007660421817,,,,,,,
EIF2AK1,,,,,,,,,,
EIF2AK2,,,0.004512811271143977,,,,,,,
EIF2AK3,,,,,,,,,,
EIF2B2,,,,,,,,,,
EIF3D,,,,,,,,,,
EIF3E,,,,,,,,,,
EIF3F,,,,,,,,,,
EIF3H,,,,,,,,3.066413862483583e-05,,
EIF3K,,,0.07503254580745204,,,,,,,
EIF3L,,,,,,,,,,
EIF3M,,,,,,,,,,
EIF4A3,,,0.0029465196536075677,,,,,,,
EIF4B,,,0.018652443383799188,,,,,,,
EIF4E,,,,,,,,,,
EIF5,,,7.689283917518252e-05,0.03618892057128567,,,,,,
ELAC2,,,0.033986405486729106,,,,,,,
ELANE,,,,,,,,,,
ELL,,,0.0018446075456292341,,,,,,,
EMC8,,,,,,,,,,
EMG1,,,,,,,,,,
EMID1,,,,,,,,,,
EML2,,,,,,,,,,
EML4,,,,,,,,,,
ENC1,,,,,,,,,,
ENDOD1,,,,,,,,,,
ENO1,,,,,,,,,,
ENPP3,,,,,,,,,,
ENPP5,,,,,,,,,,
ENSA,,,,,,,,,,
ENTPD5,,,,,,,,,,
ENY2,,,,,,,,,,
EP300,,,0.011381064144233167,,,,,,,
EP400,,,,,,,,,,
EPB41,,,,,,,,,,
EPB41L1,,,,,,,,,,
EPB41L5,,,,,,,,,,
EPB42,,,,,,,,,,
EPG5,,,,,,,,,,
EPHA2,,,,,,,,,,
EPHA7,,,,,,0.004714937070287929,,,,
EPHB2,,,,,,,,,,
EPHB3,,,,,,,,,,
EPHB4,,,,,,,,,,
EPN3,,,,,,,,,,
EPS8L1,,,,,,,,,,
EPS8L3,,,,,,,,,,
EPSTI1,,,0.006700075216295948,,,,,,,
EPX,,,,,,,,,,
ERAL1,,,0.0589294538747464,,,,,,,
ERBB2,,,7.689283917518252e-05,,,,,,,
ERCC2,,,,,,,,,,
ERCC4,,,,,,,,,,
ERH,,,,,,,,,,
ERI1,,,,,,,,,,
ERICH1,,,,,,,,,,
ERICH5,,,,,,,,,,
ERLEC1,,,,,,,,,,
ERLIN1,,,,,,,,,,
ERN2,,,,,,,,,,
ERO1B,,,,,,,,,,
ERRFI1,,,,,,,,,,
ESF1,,,7.361555043962371e-06,0.055922585769828004,0.0025777796378748134,,,,,
ESM1,,,,,,,,,,
ESYT1,,,0.0009185636032842232,,,,,,,
ESYT2,,,,,,,,,,
ETFRF1,,,,,,,,,,
ETV3,,,,,,,,,,
EVI2B,,,,,,,,,,
EVI5,,,,,,,,,,
EVPL,,,,,,,,,,
EWSR1,,,,,,,,,,
EXOC2,,,,,,,,,,
EXOC4,,,,,,,,,,
EXOC5,,,,,,,,,,
EXOSC10,,,,,,,,,,
EXOSC4,,,,,,,,,,
EXOSC5,,,,,,,,,,
EXOSC7,,,,,,,,,,
EXOSC8,,,,,,,,,,
EXT2,,,,,,,,,,
F3,,,,,,,,,,
F5,,,,,,,,,,
F8A2,,,0.024365900791293728,0.03618892057128567,,,,,,
FAAH,,,,,,,,,,
FAAP100,,,,,,,,,,
FABP5,,,,,,,,,,
FADS1,,,0.00382063626205923,,,,,,,
FADS2,,,,,,,,,,
FAIM,,,,,,,,,,
FAM107A,,,,,,,,,,
FAM117B,,,0.006700075216295948,0.02506586355518376,,,,,,
FAM126B,,,,,,,,,,
FAM129B,,,,,,,,,,
FAM135A,,,,,,,,,,
FAM160A1,,,,,,,,,,
FAM160A2,,,,,,,,,,
FAM171A2,,,,,,,,,,
FAM192A,,,,,,,,,,
FAM193A,,,,,,,,,,
FAM193B,,,,,,,,,,
FAM198B,,,,,,,,,,
FAM206A,,,0.024365900791293728,0.02856263343748887,,,,,,
FAM207A,,,,,,,,,,
FAM208A,,,,,,,,,,
FAM20A,,,,,,,,,,
FAM32A,,,0.0009185636032842232,,,,,,,
FAM3D,,,,,,,,,,
FAM45A,,,,,,,,,,
FAM49B,,,0.006700075216295948,,,,,,,
FAM50A,,,,,,,,,,
FAM76B,,,,,,,,,,
FAM83D,,,,,,,,,,
FAM8A1,,,,,,,,,,
FAM98A,,,,,,,,,,
FARP2,,,,,,,,,,
FAS,,,,,,,,,,
FASTKD1,,,,,,,,,,
FASTKD2,,,,,,,,,,
FAT1,,,,,,,,,,
FBL,,,0.0018446075456292341,,,,,,,
FBLL1,,,,,,,,,,
FBLN1,,,,,,,,,,
FBLN2,,,,,,,,,,
FBN2,,,,,,,,,,
FBP1,,,,,,,,,,
FBXL18,,,,,,,,,,
FBXL2,,,,,,,,,,
FBXO11,,,,,,,,,,
FBXO2,,,0.0029465196536075677,,,,,,,
FBXO21,,,,,,,,,,
FBXO28,,,,,,,,,,
FBXO7,,,,,,,,,,
FBXW5,,,,,,,,,,
FCAR,,,,,,,,,,
FCGR2A,,,,,,,,,,
FCGR3B,,,,,,,,,,
FCGRT,,,,,,,,,,
FCHSD2,,,,,,,,,,
FCN1,,,,,,,,,,
FDPS,,,,,,,,,,
FDXR,,,,,,,,,,
FEN1,,,,,,,,,,
FERMT3,,,0.024365900791293728,,,,,,,
FES,,,,,,,,,,
FEZ2,,,,,,,,,,
FGB,,,,,,,,,,
FGD4,,,,,,,,,,
FGFBP1,,,,,,,,,,
FGFR1OP,,,,,,,,,,
FGFRL1,,,,0.04719965439541532,,,,,,
FGR,,,,,,,,,,
FH,,,,,,,,,,
FKBP3,,,,,,,,,,
FKBP4,,,,,,,,,,
FKBP8,,,,,,,,,,
FLCN,,,,,,,,,,
FLOT1,,,,,,,,,,
FLRT2,,,,,,,,,,
FLRT3,,,,,,,,,,
FMNL1,,,0.024365900791293728,,,,,,,
FMO3,,,,,,,,,,
FN1,,,,,,,,,,
FNBP4,,,,,,,,,,
FNDC1,,,,,,,,,,
FNDC3B,,,,,,,,,,
FOLR1,,,,,,,,,,
FOLR3,,,,,,,,,,
FOPNL,,,,,,,,,,
FOS,,,,,,,,,,
FOXO3,,,,,,,,,,
FOXO4,,,,,,,,,,
FOXP4,,,,,,,,,,
FPR1,,,,,,,,,,
FRA10AC1,,,,,,,,,,
FREM2,,,,,,,,,,
FRG1,,,,,,,,,,
FRK,,,,,,,,,,
FRYL,,,,,,,,,,
FSD1,,,0.09176372620656745,,,,,,,
FSTL1,,,,,,,,,,
FTH1,1.3627661288441111e-08,,,,,,,,,
FTSJ3,,,,,,,,,,
FUBP1,,,,,,,,,,
FUCA1,,,,,,,,,,
FUNDC1,,,,,,,,,,
FURIN,,,,,,,,,,
FUT3,,,,,,,,,,
FUT8,,,,,,,,,,
FXR1,,0.026365056091609818,0.00011259096500962301,0.14139495453985867,,,,,,
FXR2,,,,,,,,,,
FYB1,,,,,,,,,,
FYCO1,4.3052388053996814e-10,,,,,,,,,
GAA,,,,,,,,,,
GALC,,,,,,,,,,
GALK2,,,,,,,,,,
GALNT11,,,,,,,,,,
GALNT6,,,,,,,,,,
GANAB,,,0.006700075216295948,,,,,,,
GAREM1,,,,,,,,,,
GARS,,,,,,,,,,
GART,,,0.01741079077680733,,,,,,,
GATAD2A,,,0.0039416024863360155,,,,,,,
GATAD2B,,,,,,,,,,
GATM,,,,,,,,,,
GBP1,,,0.001261768452169972,,,,,,,
GBP5,,,0.024365900791293728,0.07907524734660089,,,,,,
GCA,,,,,,,,,,
GCLC,,,,,,,,,,
GCLM,,,,,,,,,,
GCNT2,,,,,,,,,,
GCNT3,,,,,,,,,,
GCSH,,,0.024365900791293728,,,,,,,
GDA,,,,,,,,,,
GDF15,,,0.0589294538747464,,,,,,,
GDPD1,,,,,,,,,,
GDPD3,,,,,,,,,,
GEMIN2,,,0.00039680819440489795,,,,,,,
GEMIN5,,,0.024365900791293728,,,,,,,
GEMIN7,,,,,,,,,,
GEMIN8,,,,,,,,,,
GET4,,,,,,,,,,
GFAP,,,,,,,,,,
GFM1,,,0.006700075216295948,,,,,,,
GFRA3,,,,,,,,,,
GGA2,,,,,,,,,,
GGA3,,,,,,,,,,
GGACT,,,,,,,,,,
GGCX,,,,,,,,,,
GGH,,,,,,,,,,
GINS1,,,,,,,,,,
GINS4,,,,,,,,,,
GLB1,,,,,,,,,,
GLB1L,,,,,,,,,,
GLB1L2,,,,,,,,,,
GLDC,,,0.001043330533875506,,0.0013247698662648146,,,,,
GLMN,,,,,,,,,,
GLMP,,,,,,,,,,
GLRX3,,,,,,,,,,
GLUD1,,,,,,,,,,
GLUD2,,,,,,,,,,
GLYATL2,,,,,,,,,,
GLYCTK,,,,,,,,,,
GMFG,,,,,,,,,,
GMIP,,,,,,,,,,
GMPR2,,,,,,,,,,
GMPS,,,1.853351415028703e-05,0.04240824870890299,,,,,,
GNAI2,,,,,,,,,,
GNB2,,,,,,,,,,
GNE,,,,,,,,,,
GNG12,,,,,,,,,,
GNG5,,,,,,,,,,
GNL2,,,,,,,,,,
GNL3,,,,,,,,,,
GNL3L,,,,,,,,,,
GNLY,4.900741936411304e-07,,,,,,,,,
GNPTG,,,,,,,,,,
GNS,,,,,,,,,,
GOLGA4,,,,,,,,,,
GON4L,,,0.0039416024863360155,,,,,,,
GOPC,,,,,,,,,,
GP1BA,,,,,,,,,,
GP1BB,,,,,,,,,,
GPAT3,,,,,,,,,,
GPATCH1,,,0.00039680819440489795,,,,,,,
GPC1,,,,,,,,,,
GPC4,,,,,,,,,,
GPC6,,,,,,,,,,
GPCPD1,,,,,,0.036841810814862784,,,,
GPHN,,,,,,,,,,
GPI,,,,,,,,,,
GPKOW,,,0.024365900791293728,,,,,,,
GPR39,,,,,,,,,,
GPRC5A,,,,,,,,,,
GPSM1,,,,,,,,,,
GPX2,,,,,,,,,,
GPX7,,,,,,,,,,
GRAP2,,,,,,,,,,
GRB10,,,,,,,,,,
GRB14,,,,,,,,,,
GRB7,,,1.1418570157794637e-09,0.04719965439541532,,,,,,
GRHL1,,,,,,,,,,
GRIPAP1,,,,,,,,,,
GRK2,,,,0.02856263343748887,,,,,,
GRK3,,,,,,,,,,
GRK6,,,,,,,,,,
GRN,,,,,,,,,,
GRSF1,,,,,,,,,,
GRTP1,,,,,,,,,,
GSK3B,,,,,,,,,,
GSTA1,,,,,,,,,,
GSTA3,,,,,,,,,,
GSTP1,,,,0.0327760308326458,,,,,,
GTF2E2,,,0.024365900791293728,,,,,,,
GTF2H2,,,,,,,,,,
GTF2I,,,0.024365900791293728,,,,,,,
GTF2IRD1,,,0.004947701448583651,,,,,,,
GTF3C1,,,0.0018446075456292341,0.02856263343748887,,,,,,
GTF3C4,,,,,,,,,,
GTF3C5,,,,,,,,,,
GTSE1,,,,,,,,,,
GUSB,2.1994953344327059e-07,,,,,,,,,
GYG2,,,,,,,,,,
GYS2,,,,,,,,,,
GZF1,,,,,,,,,,
H1FX,,,,,,,,,,
H2AFB2,,,,,,,,,,
H2AFY,,,,,,,,,,
H3F3A,,,,,,,,,,
HADH,,,,,,,,,,
HAPLN1,,0.00143594408707668,0.0589294538747464,,0.0037893555452547943,,,,,
HAPLN3,,0.10478943924442474,0.23205080387732901,,0.025226298647218835,,,,,
HAUS2,,,,,,,,,,
HAUS4,,,,,,,,,,
HAUS5,,,,,,,,,,
HAUS6,,,,,,,,,,
HAUS8,,,,,,,,,,
HAVCR2,,,,,,,,,,
HBA2,,,,,,,,,,
HBB,,,,,,,,,,
HBD,,,,,,,,,,
HBE1,,,,,,,,,,
HBG1,,,,,,,,,,
HBG2,,,,,,,,,,
HBM,,,,,,,,,,
HBQ1,,,,,,,,,,
HBZ,,,,,,,,,,
HCK,,,0.006700075216295948,,,,,,,
HDAC2,,,,,,,,,,
HDAC8,,,,,,,,,,
HDGF,,,0.0589294538747464,,,,,,,
HDGFL2,,,,,,,,,,
HDLBP,,,,,,,,,,
HEATR1,,,8.1145406758975e-06,,,,,,,
HEATR5A,,,,,,,,,,
HEATR6,,,0.011381064144233167,,,,,,,
HECTD1,,,,,,,,,,
HELZ,,,,,,,,,,
HELZ2,,,0.0002824894790007241,0.04719965439541532,,,,,,
HERC2,,,,,,,,,,
HERC3,,,,,,,,,,
HERC4,,,,,,,,,,
HERPUD1,,,,,,,,,,
HEXB,,,,,,,,,,
HEXIM1,,,,,,,,,,
HEXIM2,,,,,,,,,,
HGS,,,,,,,,,,
HIGD1A,,,0.07503254580745204,,,,,,,
HIP1,,,,,,,,,,
HIST1H1A,,,,,,,,,,
HIST1H1E,,,,,,,,,,
HIST2H3PS2,,,,,,,,,,
HIVEP2,,,0.024365900791293728,,,,,,,
HJURP,,,0.0018446075456292341,,,,,,,
HK3,,,,,,,,,,
HLA-C,,,,,,,,,,
HLA-DMA,,,,,,,,,,
HLA-DMB,,,,,,,,,,
HLA-DPB1,,,,,,,,,,
HLA-DQB1,,,,,,,,,,
HLA-F,,,,,,,,,,
HLA-G,,,,,,,,,,
HLCS,,,,,,,,,,
HLTF,,,0.0039416024863360155,,,,,,,
HMCN1,,,,,,,,,,
HMG20B,,,,,,,,,,
HMGA1,,,0.0589294538747464,0.055922585769828004,,,,,,
HMGB2,,,,,,,,,,
HMGN3,,,,,,,,,,
HMGXB4,,,,,,,,,,
HNRNPDL,,,,,,,,,,
HNRNPU,,,,0.016089168988944035,,,,,,
HOMEZ,,,,,,,,,,
HPRT1,,,,,,,,,,
HPS6,,,,,,,,,,
HRC,,,,,,,,,,
HSBP1,,,,,,,,,,
HSCB,,,,,,,,,,
HSD17B10,,,,0.06761812109706822,,,,,,
HSD17B8,,,,,,,,,,
HSH2D,,,,,,,,,,
HSP90B1,,,,,,,,,,
HSPA4L,,,,,,,,,,
HSPA5,,,,,,,,,,
HSPB11,,,,,,,,,,
HSPBP1,,,0.00039680819440489795,,,,,,,
HTATSF1,,,0.09349597962121196,,,,,,,
HTRA3,,,,,,,,,,
HTT,,,,0.04719965439541532,,,,,,
HUWE1,,,0.024365900791293728,0.03618892057128567,,,,,,
ICAM1,,,0.024365900791293728,,,,,,,
ICAM3,,,,,,,,,,
ICE2,,,,,,,,,,
ID4,,,0.024365900791293728,,,,,,,
IDUA,,,,,,,,,,
IFFO2,,,,,,,,,,
IFI35,,,,,,,,,,
IFI44,,,0.06636607632285355,,,,,,,
IFI44L,,,0.006542684027693302,,,,,,,
IFIT2,,,,,,,,,,
IFITM1,,,0.0862969617974573,,,,,,,
IFITM3,,,,,,,,,,
IFNGR1,,,,,,,,,,
IFT46,,,,,,,,,,
IFT74,,,,,,,,,,
IFT88,,,,,,,,,,
IGF2BP1,,,0.012553323672174061,,,,,,,
IGF2BP2,,,0.0029465196536075677,,,,,,,
IGF2BP3,,,0.0002467034679859819,0.1789487356503915,0.016880681770716766,,,,0.17306906064561223,0.17306906064561223
IGFBP2,,,,,,,,,,
IGLL1,,,,,,,,,,
IGSF3,,,,,,,,,,
IK,,,,,,,,,,
IKBIP,,,,,,,,,,
IKBKE,,,,,,,,,,
IKZF3,,,0.08330465162725843,,,,,,,
IL16,,,,,,,,,,
IL19,,,,,,,,,,
IL1RAP,,,,,,,,,,
IL1RN,,,,,,,,,,
ILF2,,,0.00011259096500962301,0.021450752509368027,,,,,,
ILF3,,,5.608463800104816e-06,0.02506586355518376,,,,,,
IMP4,,,0.0018446075456292341,,,,,,,
IMPDH2,,,0.018652443383799188,,,,,,,
INCENP,,,,,,,,,,
INF2,,,,,,,,,,
INHBA,,,0.0039416024863360155,,,,,,,
INO80,,,,,,,,,,
INPP4B,,,,,,,,,,
INPP5D,,,0.04531412582602602,,,,,,,
INPPL1,,,,,,,,,,
INSR,,,,,,,,,,
INTS1,,,,,,,,,,
INTS10,,,,,,,,,,
INTS12,,,,,,,,,,
INTS13,,,,,,,,,,
INTS14,,,,,,,,,,
INTS2,,,,0.021450752509368027,,,,,,
INTS3,,,0.09349597962121196,,,,,,,
INTS4,,,0.0007419063143518741,0.03618892057128567,,,,,,
INTS6L,,,,,,,,,,
INTS7,,,,,,,,,,
INTS8,,,,,,,,,,
INTS9,,,,,,,,,,
IPO11,,,,,,,,,,
IPO7,,,,,,,,,,
IPO8,,,0.04531412582602602,0.04719965439541532,,,,,,
IPO9,,,,,,,,,,
IRAK1,,,,,,,,,,
IRF2BPL,,,,,,,,,,
IRF4,,,0.01741079077680733,,,,,,,
IRF5,,,,,,,,,,
IRF8,,,,,,,,,,
ISY1,,,,,,,,,,
ITFG1,,,,,,,,,,
ITGA2,,,,,,,,,,
ITGA2B,,,,,,,,,,
ITGA3,,,,,,,,,,
ITGAM,,,,,,,,,,
ITGAV,,,,,,,,,,
ITGAX,,,,,,,,,,
ITGB2,,,,,,,,,,
ITGB4,,,,,,,,,,
ITGB6,,,,,,,,,,
ITGBL1,,,,,,,,,,
ITIH3,,,,,,,,,,
ITIH5,,,,,,,,,,
ITM2B,,,,,,,,,,
ITM2C,,,0.012501183131109766,,,,,,,
ITPA,,,0.033986405486729106,,,,,,,
ITPKC,,,,,,,,,,
ITPR3,,,,,,,,,,
ITPRID2,,,,,,,,,,
IWS1,,,0.0039416024863360155,,,,,,,
JADE3,,,0.00014862525269932115,0.04240824870890299,,,,,,
JAG1,,,,,,,,,,
JCHAIN,,,,,,,,,,
JMJD1C,,,,,,,,,,
JMJD6,,,,,,,,,,
JMJD8,,,,,,,,,,
JPT2,,,,,,,,,,
JRKL,,,,,,,,,,
KANK4,,,,,,,,,,
KANSL1,,,,,,,,,,
KARS,,,,,,,,,,
KAT2A,,,,,,,,,,
KAT8,,,,,,,,,,
KATNBL1,,,,,,,,,,
KAZALD1,,,,,,,,,,
KCNAB2,,,,,,,,,,
KCNN4,,,,,,,,,,
KCNQ1,,,,,,,,,,
KCTD1,,,,,,,,,,
KDELC1,,,,,,,,,,
KDM1B,,,0.0029465196536075677,,,,,,,
KDM2A,,,7.689283917518252e-05,0.021450752509368027,,,,,,
KDM3B,,,,,,,,,,
KDM4A,,,,0.02856263343748887,,,,,,
KDM4B,,,,,,,,,,
KDSR,,,,,,,,,,
KEAP1,,,0.006700075216295948,,,,,,,
KHDC4,,,,,,,,,,
KHNYN,,,,,,,,,,
KIAA0391,,,,,,,,,,
KIAA0754,,,,,,,,,,
KIAA1210,,,,,,,,,,
KIAA1522,,,,,,,,,,
KIAA1551,,,0.0018446075456292341,,,,,,,
KIAA1671,,,,,,,,,,
KIF11,,,0.00039680819440489795,,,,,,,
KIF14,,,,,,,,,,
KIF1A,,,0.004771124532495932,,,,,,,
KIF1C,,,,,,,,,,
KIF20A,,,2.2184590142636876e-05,,,,,,,
KIF20B,,,0.006700075216295948,,,,,,,
KIF21A,,,,,,,,,,
KIF22,,,,,,,,,,
KIF2C,,,0.0009185636032842232,,,,,,,
KIF5B,,,,,,,,,,
KIF5C,,,,,,,,,,
KIFC1,,,7.689283917518252e-05,,,,,,,
KIN,,,,,,,,,,
KLC1,,,,,,,,,,
KLC2,,,,,,,,,,
KLC3,,,0.000312748068210152,,,,,,,
KLF13,,,,,,,,,,
KLHDC10,,,,,,,,,,
KLHDC2,,,,,,,,,,
KLHDC7A,,,,,,,,,,
KLHL14,,,0.0029465196536075677,,,,,,,
KLHL20,,,,,,,,,,
KLHL26,,,,,,,,,,
KLK10,,,,,,,,,,
KLK6,,,,,,,,,,
KLK7,,,,,,,,,,
KLK8,,,,,,,,,,
KLRG2,,,,,,,,,,
KMO,,,,,,,,,,
KMT2B,,,0.00011259096500962301,,,,,,,
KNOP1,,,0.0007104736441665648,,,,,,,
KPNA2,,,,,,,,,,
KPNA3,,,,,,,,,,
KRAS,,,,,,,,,,
KRI1,,,0.00039680819440489795,0.03336826316099613,0.003093428427280781,,,,,
KRR1,,,0.0009185636032842232,0.02506586355518376,,,,,,
KRT10,,,,,,,,,,
KRT13,,,,,,,,,,
KRT15,,,,,,,,,,
KRT16,,,,,,,,,,
KRT18,,,,,,,,,,
KRT19,,,,,,,,,,
KRT20,,,,,,,,,,
KRT26,,,,,,,,,,
KRT3,,,,,,,,,,
KRT4,,,,,,,,,,
KRT5,,,,,,,,,,
KRT6A,,,,,,,,,,
KRT78,,,,,,,,,,
KRT80,,,,,,,,,,
KTN1,,,,,,,,,,
KXD1,,,,,,,,,,
KYNU,,,,,,,,,,
L1CAM,,,0.0002897889550668761,,,,,,,
L3MBTL2,,,,,,,,,,
LAMA2,,,,,,,,,,
LAMA3,,,,,,,,,,
LAMB3,,,,,,,,,,
LAMC2,,,,,,,,,,
LAMC3,,,,,,,,,,
LAMP1,,,,,,,,,,
LAMTOR3,,,0.0589294538747464,,,,,,,
LARP1,,,,,,,,,,
LARS2,,,,,,,,,,
LAS1L,,,,,,,,,,
LCN2,,,,,,,,,,
LCP2,,,,,,,,,,
LDHD,,,,,,,,,,
LDLR,,,,,,,,,,
LEFTY1,,,,,,,,,,
LEO1,,,,,,,,,,
LGALS3,,,,,,,,,,
LGALS3BP,,,,,,,,,,
LGALS7B,,,0.09349597962121196,,,,,,,
LGALS8,,,,,,,,,,
LGALSL,,,,,,,,,,
LIF,,,,,,,,,,
LILRB3,,,,,,,,,,
LIMA1,,,,,,,,,,
LIMD2,,,0.006700075216295948,0.02506586355518376,,,,,,
LIME1,,,0.0589294538747464,,,,,,,
LIN54,,,,,,,,,,
LIN7C,,,,,,,,,,
LIN9,,,,,,,,,,
LLGL2,,,,,,,,,,
LMO4,,,,,,,,,,
LMO7,,,,,,,,,,
LNPEP,,,,,,,,,,
LONP1,,,,,,,,,,
LOXL1,,,,,,,,,,
LOXL2,,,,0.0327760308326458,,,,,,
LPCAT1,,,,,,,,,,
LPCAT4,,,,,,,,,,
LPGAT1,,,,,,,,,,
LPIN2,,,,,,,,,,
LRCH3,,,,,,,,,,
LRCH4,,,,,,,,,,
LRG1,,,,,,,,,,
LRIG1,,,0.09349597962121196,0.07907524734660089,,,,,,
LRMP,,,,,,,,,,
LRP4,,,,,,0.004714937070287929,,,,
LRPAP1,,,,,,,,,,
LRRC14,,,,,,,,,,
LRRC25,,,0.03601004926830803,,,,,,,
LRRC42,,,,,,,,,,
LRRC8A,,,,,,,,,,
LRRC8C,,,,,,,,,,
LRRC8D,,,0.005981793665446287,,,,,,,
LRRC8E,,,,,,,,,,
LSG1,,,7.689283917518252e-05,,,,,,,
LSM14B,,,0.004512811271143977,0.021450752509368027,,,,,,
LTA4H,,,,,,,,,,
LTBP3,,,,,,,,,,
LTF,,,,,,,,,,
LTV1,,,,,,,,,,
LY6E,,,,,,,,,,
LY96,,,,,,,,,,
LYAR,,,0.0007419063143518741,,,,,,,
LYPLA2,,,,,,,,,,
LYSMD1,,,0.0039416024863360155,,,,,,,
LYZ,,,,,,,,,,
MAD2L1,,,,,,,,,,
MADD,,,,,,,,,,
MAFB,,,,,,,,,,
MAFF,,,,,,,,,,
MAFG,,,,,,,,,,
MAFK,,,,,,,,,,
MAGEA9B,,,0.03233970140118415,,,,,,,
MAGED1,,,0.0039416024863360155,,,,,,,
MAGED2,,,8.1145406758975e-06,0.03618892057128567,,,,,,
MALT1,,,,0.10832511257701555,,,,,,
MAN2B1,,,,,,,,,,
MANBA,,,,,,,,,,
MANF,,,,,,,,,,
MAP2,,,,,,,,,,
MAP2K3,,,,,,,,,,
MAP2K6,,,,,,,,,,
MAP2K7,2.350225008300639e-08,,,,,,,,,
MAP3K5,,,,,,,,,,
MAP3K6,,,,,,,,,,
MAP4K3,,,0.0029465196536075677,0.0327760308326458,,,,,,
MAP7D1,,,,,,,,,,
MAPK8IP3,,,0.0029465196536075677,0.07611667932339237,,,,,,
MAPKAPK3,,,0.024365900791293728,,,,,,,
MARC1,,,,,,,,,,
MARCH5,,,,,,,,,,
MARCKS,,,,,,,,,,
MARK2,,,,,,,,,,
MASTL,,,,,,,,,,
MATR3,,,,,,,,,,
MAU2,,,0.00011259096500962301,,,,,,,
MAZ,,,,,,,,,,
MB,,,,,,,,,,
MBD3,,,0.0039416024863360155,,,,,,,
MBD4,,,,,,,,,,
MBNL2,,,,,,,,,,
MBOAT2,,,,,,,,,,
MBTD1,,,,,,,,,,
MCCC1,,,,,,,0.08502070518574238,,,
MCCC2,,,,,,,,,,
MCEMP1,,,,,,,,,,
MCF2L,,,,,,,,,,
MCFD2,,,,,,,,,,
MCL1,,,,0.02506586355518376,,,,,,
MCM3,,,0.024365900791293728,,,,,,,
MCRIP1,,,,,,,,,,
MCU,,,,,,,,,,
MCUB,,,,,,,,,,
MDC1,,,0.0009185636032842232,,,,,,,
MDK,,,,,,,,,,
MDN1,,,3.043407472812206e-05,,,,,,,
ME2,,,0.01741079077680733,,,,,,,
MECR,,,,,,,0.0074606962025178655,,,
MED1,,,0.00018372156618720462,,,,,,,
MED12,,,0.006700075216295948,,,,,,,
MED13,,,,,,,,,,
MED14,,,0.0009185636032842232,,,,,,,
MED16,,,,,,,,,,
MED17,,,0.0007104736441665648,,,,,,,
MED18,,,,,,,,,,
MED19,,,,,,,,,,
MED20,,,,,,,,,,
MED24,,,0.0039416024863360155,,,,,,,
MED25,,,,,,,,,,
MED26,,,,,,,,,,
MED27,,,,,,,,,,
MED29,,,0.033986405486729106,,,,,,,
MED30,,,,,,,,,,
MED4,,,,,,,,,,
MED6,,,,,,,,,,
MED7,,,,,,,,,,
MED8,,,,,,,,,,
MEGF8,,,,,,,,,,
MEGF9,,,,,,,,,,
MEMO1,,,,,,,,,,
MET,,,,,,,,,,
METRNL,,,,,,,,,,
METTL15,,,,,,,,,,
METTL3,,,,,,,,,,
METTL7B,,,,,,,,,,
METTL9,,,,,,,,,,
MEX3A,,,,,,,,,,
MFAP2,,,,,,,,,,
MFHAS1,,,0.0018446075456292341,,,,,,,
MFN1,,,0.033986405486729106,,,,,,,
MFSD5,,,,,,,,,,
MFSD6,,,,,,,,,,
MGA,,,,0.04240824870890299,,,,,,
MGME1,,,0.0039416024863360155,,,,,,,
MGRN1,,,,,,,,,,
MICALL2,,,,,,,,,,
MICU1,,,,,,,,,,
MICU2,,,,,,,,,,
MIEN1,,,0.0018446075456292341,,,,,,,
MILR1,,,,,,,,,,
MINDY4,,,,,,,,,,
MINK1,,,,,,,,,,
MINOS1-NBL1,,,,,,,,,,
MIS12,,,,,,,,,,
MIS18BP1,,,,,,,,,,
MISP,,,,,,,,,0.010421587664449781,0.010421587664449781
MITD1,,,,,,,,,,
MLPH,,,,,,,,,,
MLX,,,,,,,,,,
MMP7,,,,,,,,,,
MMP8,,,,,,,,,,
MMP9,,,,,,,,,,
MMRN1,,,,,,,,,,
MMS19,,,,,,,,,,
MND1,,,,,,,,,,
MNDA,,,,,,,,,,
MOB1B,,,,,,,,,,
MOCOS,,,,,,,,,,
MOGS,,,,,,,,,,
MON1A,,,,,,,,,,
MON2,,,,,,,,,,
MORF4L1,,,,,,,,,,
MOSPD1,,,,,,,,,,
MPG,,,,,,,,,,
MPHOSPH10,,,0.0039416024863360155,,,,,,,
MPO,,,,,,,,,,
MPST,,,,,,,,,,
MRGBP,,,3.9403065548755614e-05,0.0327760308326458,,,,,,
MRPS14,,,,,,,,,,
MRTO4,,,0.0018446075456292341,0.02856263343748887,,,,,,
MSH2,,,0.00039680819440489795,,,,,,,
MSH6,,,0.0029465196536075677,,,,,,,
MSI1,,,0.11479932807654199,,,,,,,
MSL1,,,,,,,,,,
MSL3,,,,,,,,,,
MSMO1,,,,,,,,,,
MSR1,,,,,,,,,,
MST1R,,,,,,,,,,
MSX2,,,,,,,,,,
MT1F,,,,,,,,,,
MTA2,,,,,,,,,,
MTG2,,,0.0001837658909404324,,,,,,,
MTHFD1,,,,,,,,,,
MTHFD2,,,7.689283917518252e-05,,,,,,,
MTHFD2L,,,,,,,,,,
MTMR10,,,,,,,,,,
MTO1,,,0.024365900791293728,,,,,,,
MTREX,,,,,,,,,,
MTRF1L,,,,,,,,,,
MTRR,,,,,,,,,,
MUC16,,,,,,,,,,
MUC5AC,,,,,,,,,,
MUC5B,,,,,,,,,,
MUC6,,,,,,,,,,
MUT,,,,,,,,,,
MVB12A,,,,,,,,,,
MVB12B,,,,,,,,,,
MVD,,,,,,,,,,
MXRA5,,,,,,,,,,
MYBBP1A,,,0.04531412582602602,,,,,,,
MYD88,,,,,,,,,,
MYH10,,,,,,,,,,
MYH14,,,,,,,,,,
MYL4,,,,,,,,,,
MYO10,,,,,,,,,,
MYO1B,,,,,,,,,,
MYO1F,,,,,,,,,,
MYO1G,,,0.04531412582602602,,,,,,,
MYO1H,,,,,,,,,,
MYO5C,,,,,,,,,,
MYO9B,,,0.0039416024863360155,,,,,,,
MYOF,,,,,,,,,,
MZB1,,,,,,,,,,
MZT2A,,,,,,,,,,
NAA10,,,,,,,,,,
NAA16,,,,,,,,,,
NAA25,,,0.00011259096500962301,,,,,,,
NAA30,,,,,,,,,,
NAA35,,,,,,,,,,
NAAA,,,,,,,,,,
NAALADL2,,,,,,,,,,
NAB1,,,,,,,,,,
NAB2,,,,,,,,,,
NABP2,,,,,,,,,,
NAGLU,,,,,,,,,,
NAMPT,,,,,,,,,,
NAPEPLD,,,,,,,,,,
NAPSA,,,,,,,,,,
NARS2,,,,,,,,,,
NASP,,,,,,,,,,
NAT1,,,,,,,,,,
NAT10,,,0.006700075216295948,,,,,,,
NAT8L,,,0.003422798738263631,,,,,,,
NATD1,,,,,,,,,,
NAV1,,,,,,,,,,
NBN,,,0.006700075216295948,,,,,,,
NCALD,,,,,,,,,,
NCAPD2,,,,,,,,,,
NCAPD3,,,0.04531412582602602,,,,,,,
NCAPG,,,,,,,,,,
NCAPG2,,,0.01741079077680733,,,,,,,
NCBP3,,,,,,,,,,
NCEH1,,,0.00018372156618720462,,,,,,,
NCF1,,,0.0589294538747464,,,,,,,
NCF2,,,0.04531412582602602,,,,,,,
NCF4,,,,,,,,,,
NCKAP5L,,,,,,,,,,
NCL,,,0.00018372156618720462,0.02856263343748887,,,,,,
NCOA4,,,,,,,,,,
NCOA5,,,,,,,,,,
NCOR1,,,,,,,,,,
NDC1,,,,,,,,,,
NDC80,,,,,,,,,,
NDN,,,,,,,,,,
NDRG4,2.350225008300639e-08,,,,,,,,,
NDUFA3,,,,,,,,,,
NDUFA4L2,,,0.03640879266866845,0.03336826316099613,,,,,,
NDUFAF1,,,,,,,,,,
NECTIN3,,,0.009631519012856797,,,,,,,
NEDD4L,,,,,,,,,,
NEDD8,,,,,,,,,,
NELFA,,,,,,,,,,
NELFB,,,,,,,,,,
NELFCD,,,,,,,,,,
NELFE,,,,,,,,,,
NEMF,,,,,,,,,,
NEO1,,,,,,,,,,
NEURL4,,,0.006700075216295948,,,,,,,
NF1,,,,,,,,,,
NFATC2,,,,,,,,,,
NFATC2IP,,,,,,,,,,
NFU1,,,,,,,,,,
NFX1,,,0.0589294538747464,,,,,,,
NGDN,,,0.00014862525269932115,0.04240824870890299,,,,,,
NGEF,,,,,,,,,,
NIFK,,,,,,,,,,
NIP7,,,0.004512811271143977,,,,,,,
NIPBL,,,0.033986405486729106,,,,,,,
NKRF,,,0.0018446075456292341,,,,,,,
NKTR,,,0.033986405486729106,,,,,,,
NLGN4X,,,,,,,,,,
NLRC4,,,,,,,,,,
NLRP2,,,,,,,,,,
NMD3,,,0.033986405486729106,,,,,,,
NME4,,,,,,,,,,
NME6,,,,,,,,,,
NMI,,,,,,,,,,
NMNAT1,,,,,,,,,,
NMRK1,,,,,,,,,,
NNMT,,,,,,,,,,
NOA1,,,,,,,,,,
NOC3L,,,,,,,,,,
NOL10,,,0.00014862525269932115,,,,,,,
NOL11,,,1.853351415028703e-05,0.022627785539038114,,,,,,
NOL12,,,,,,,,,,
NOL3,,,,,,,,,,
NOL4L,,,,,,,,,,
NOL6,,,0.0007419063143518741,,,,,,,
NOL7,,,0.00011259096500962301,,,,,,,
NOL8,,,,,,,,,,
NOM1,,,0.024365900791293728,,,,,,,
NOMO1,,,,,,,,,,
NOP14,,,,,,,,,,
NOP53,,,,,,,,,,
NOP58,,,0.0018446075456292341,,,,,,,
NOP9,,,0.004512811271143977,,,,,,,
NOSTRIN,,,,,,,,,,
NOTCH3,,,,,,,,,,
NOV,,,,,,,,,,
NPAS3,,,,,,,,,,
NPAT,,,,,,,,,,
NPC1,,,,,,,,,,
NPL,,,,,,,,,,
NPLOC4,,,0.006700075216295948,0.02506586355518376,,,,,,
NPM3,,,,,,,,,,
NPTX2,,,,,,,,,,
NPY,4.3052388053996814e-10,,,,,,,,,
NR1H2,,,,,,,,,,
NR2C2AP,,,0.006700075216295948,,,,,,,
NR4A1,,,,,,,,,,
NRDE2,,,,,,,,,,
NRP2,,,,,,,,,,
NSD1,,,,,,,,,,
NSD2,,,,,,,,,,
NSD3,,,,,,,,,,
NSL1,,,,,,,,,,
NSUN2,,,0.0007419063143518741,,,,,,,
NSUN5,,,,,,,,,,
NT5C2,,,,,,,,,,
NTM,,,,,,,,,,
NTMT1,,,,,,,,,,
NTN1,,,,,,,,,,
NUDC,,,,,,,,,,
NUDCD1,,,0.004512811271143977,,,,,,,
NUDT1,,,,,,,,,,
NUDT14,,,,,,,,,,
NUDT16L1,,,,,,,,,,
NUDT19,,,0.011381064144233167,,,,,,,
NUDT21,,,,,,,,,,
NUDT8,,,,,,,,,,
NUF2,,,,,,,,,,
NUFIP1,,,,,,,,,,
NUP153,,,7.361555043962371e-06,0.055922585769828004,,,,,,
NUP155,,,,,,,,,,
NUP50,,,0.01741079077680733,,,,,,,
NUP62,,,,,,,,,,
NXF1,,,0.00039680819440489795,,,,,,,
NXF2B,,,0.024365900791293728,,,,,,,
NXT1,,,,,,,,,,
OARD1,,,,,,,,,,
OAS1,,,,,,,,,,
OAS2,,,,,,,,,,
OAT,,,,,,,,,,
OCIAD2,,,,,,,,,,
OFD1,,,,,,,,,,
OGA,,,,,,,,,,
OGDHL,,,,,,,,,,
OGFR,,,0.01741079077680733,,,,,,,
OLFM4,,,,,,,,,,
OLFML2B,,,,,,,,,,
OPA1,,,0.0018446075456292341,,,,,,,
ORC3,,,0.024365900791293728,,,,,,,
ORC5,,,0.024365900791293728,,,,,,,
OS9,,,0.01741079077680733,,,,,,,
OSBP,,,,,,,,,,
OSBP2,,,,,,,,,,
OSBPL10,,,,,,,,,,
OSBPL11,,,0.0018446075456292341,,,,,,,
OSBPL2,,,0.0039416024863360155,,,,,,,
OSBPL3,,,,,,,,,,
OSBPL6,,,,,,,,,,
OSBPL9,,,,,,,,,,
OTULIN,,,,0.055922585769828004,,,,,,
OVCA2,,,,,,,,,,
OXLD1,,,,,,,,,,
OXSR1,,,,,,,,,,
P4HA1,,,,,,,,,,
P4HB,,,,,,,,,,
PA2G4,,,0.0005809929111607232,0.12442087137931772,0.04526442698050853,,,,,
PABPC4,,,,,,,,,,
PACSIN2,,,,,,,,,,
PADI1,,,,,,,,,,
PADI4,,,,,,,,,,
PAF1,,,,,,,,,,
PAFAH1B2,,,,,,,,,,
PAFAH1B3,,,,,,,,,,
PAG1,,,,,,,,,,
PAICS,,,,,,,,,,
PAIP1,,,,,,,,,,
PAK1,,,,,,,,,,
PAK1IP1,,,0.001261768452169972,0.04240824870890299,0.0013247698662648146,,,,,
PAK2,,,7.689283917518252e-05,0.03618892057128567,,,,,,
PALD1,,,,0.022627785539038114,,,,,,
PALM3,,,,,,,,,,
PAM,,,,,,,,,,
PAPOLA,,,,,,,,,,
PAPSS2,,,,,,,,,,
PARD3,,,,,,,,,,
PARD6B,,,0.033986405486729106,,,,,,,
PARP1,,,0.0018446075456292341,,,,,,,
PARP12,,,0.0039416024863360155,,,,,,,
PARP4,,,,,,,,,,
PARVB,,,,,,,,,,
PATL1,,,,,,,,,,
PATZ1,,,0.006700075216295948,,,,,,,
PAX2,,,,,,,,,,
PAX8,,,0.0007104736441665648,,,,,,,
PBK,,,,,,,,,,
PBRM1,,,,,,,,,,
PC,,,,,,,,,,
PCBP1,,,,,,,,,,
PCBP4,,,,,,,,,,
PCDH1,,,,,,,,,,
PCGF1,,,,,,,,,,
PCGF3,,,,,,,,,,
PCK1,,,0.010686856342036538,,,,,,,
PCK2,,,,,,,,,,
PCMTD1,,,,,,,,,,
PCNA,,,,,,,,,,
PCTP,,,,,,,,,,
PDAP1,,,,,,,,,,
PDCD11,,,0.00018372156618720462,,,,,,,
PDCD2L,,,0.0018446075456292341,,,,,,,
PDCD5,,,0.01741079077680733,,,,,,,
PDCD7,,,,,,,,,,
PDCL3,,,,,,,,,,
PDF,,,0.006700075216295948,,,,,,,
PDGFA,,,,,,,,,,
PDGFD,,,,,,,,,,
PDGFRL,,,,,,,,,,
PDHA1,,,,,,,,,,
PDIA2,,,,,,,,,,
PDIA3,,,,,,,,,,
PDIA4,,,,,,,,,,
PDIA5,,,,,,,,,,
PDIA6,,,0.0039416024863360155,,,,,,,
PDK1,,,,,,,,,,
PDS5A,,,0.07503254580745204,0.06761812109706822,,,,,,
PDSS2,,,,,,,,,,
PDZD8,,,,,,,,,,
PDZK1,,,,,,,,,,
PDZK1IP1,,,,,,,,,,
PECR,,,,,,,,,,
PEG10,,,,,,,,,0.00813585654143603,0.00813585654143603
PELP1,,,,,,,,,,
PEPD,,,,,,,,,,
PES1,,,0.0018446075456292341,,,,,,,
PEX13,,,,,,,,,,
PEX14,,,0.011381064144233167,,,,,,,
PEX19,,,,,,,,,,
PF4,,,,,,,,,,
PF4V1,,,,,,,,,,
PFDN2,,,,,,,,,,
PFDN5,,,0.006700075216295948,,,,,,,
PFDN6,,,7.689283917518252e-05,,,,,,,
PFKFB4,,,,,,,,,,
PFKP,,,,,,,,,,
PGAP3,,,,,,,,,,
PGK1,,,,,,,,,,
PGLYRP1,,,,,,,,,,
PGP,,,,,,,,,,
PHB2,,,,,,,,,,
PHC1,,,,,,,,,,
PHF10,,,0.006700075216295948,,,,,,,
PHF23,,,,,,,,,,
PHF3,,,0.0007104736441665648,,,,,,,
PHF8,,,0.010006978955901927,,,,,,,
PHGDH,,,,,,,,,,
PHLDA1,,,,,,,,,,
PHLDA2,,,,,,,,,,
PHLDA3,,,,,,,,,,
PHLDB3,,,,,,,,,,
PHYH,,,,,,,,,,
PI3,,,,,,,,,,
PI4KB,,,,,,,,,,
PIAS1,,,,,,,,,,
PIAS2,,,0.00018372156618720462,,,,,,,
PIGQ,,,,,,,,,,
PIGX,,,,,,,,,,
PIH1D1,,,0.011381064144233167,,,,,,,
PIK3AP1,,,0.01395212327715147,,,,,,,
PIK3R2,,,,,,,,,,
PIMREG,,,,,,,,,,
PIN1,,,,,,,,,,
PIP4K2C,,,,0.022627785539038114,,,,,,
PIP5K1A,,,,,,,,,,
PITPNC1,,,,,,,,,,
PITPNM1,,,,,,,,,,
PITPNM3,,,,,,,,,,
PITRM1,,,,,,,,,,
PJA1,,,,,,,,,,
PKLR,,,0.04531412582602602,,,,,,,
PKMYT1,,,,,,,,,,
PLA2G15,,,,,,,,,,
PLAU,,,,,,,,,,
PLBD1,,,0.024365900791293728,,,,,,,
PLBD2,,,0.033986405486729106,,,,,,,
PLCB4,,,,,,,,,,
PLCD3,,,,,,,,,,
PLD1,,,,,,,,,,
PLD3,,0.10753249463332828,0.0007973472386983621,,0.05386534835562837,,,,,
PLEK,,,,,,,,,,
PLEKHF2,,,,,,,,,,
PLEKHG3,,,,,,,,,,
PLEKHS1,,,,,,,,,,
PLK1,,,,,,,,,,
PLSCR3,,,,,,,,,,
PLTP,,,,,,,,,,
PLXNA3,,,,,,,,,,
PMF1,,,,,,,,,,
PMS1,,,,,,,,,,
PMVK,,,,,,,,,,
PNMT,,,,,,,,,,
PNN,,,0.006700075216295948,,,,,,,
PNPLA2,,,,,,,,,,
PNPLA6,,,,,,,,,,
POC1A,,,,,,,,,,
POF1B,,,,,,,,,0.029813066698476436,0.029813066698476436
POFUT1,,,0.0029465196536075677,,,,,,,
POGZ,,,0.0018446075456292341,,,,,,,
POLB,,,,,,,,,,
POLD2,,,,,,,,,,
POLD3,,,,,,,,,,
POLG,,,,,,,,,,
POLM,,,,,,,,,,
POLR1B,,,,,,,,,,
POLR2B,,,0.0018446075456292341,,,,,,,
POLR2C,,,,,,,,,,
POLR2I,,,,,,,,,,
POLR3A,,,0.006700075216295948,,,,,,,
POLR3B,,,0.0029465196536075677,,,,,,,
POLR3C,,,0.0009185636032842232,,,,,,,
POLR3D,,,0.07503254580745204,,,,,,,
POLR3E,,,0.0009185636032842232,,,,,,,
POLR3F,,,0.01741079077680733,,,,,,,
POLRMT,,,0.0589294538747464,,,,,,,
PON2,,,,,,,,,,
POP1,,,0.01741079077680733,,,,,,,
POR,,,,,,,,,,
PORCN,,,,,,,,,,
POTEJ,,,,,,,,,,
PPBP,,,,,,,,,,
PPFIA1,,,,,,,,,,
PPFIBP2,,,,,,,,,,
PPIE,,,0.01741079077680733,0.0327760308326458,,,,,,
PPIL2,,,,,,,,,,
PPIL4,,,0.0039416024863360155,,,,,,,
PPL,,,,,,,,,,
PPM1A,,,,,,,,,,
PPP1CC,,,,,,,,,,
PPP1R10,,,0.00011259096500962301,,,,,,,
PPP1R13B,,,,,,,,,,
PPP1R13L,,,,,,,,,,
PPP1R14B,,,,,,,,,,
PPP1R1A,,,,,,,,,,
PPP1R1B,,,,0.02506586355518376,,,,,,
PPP1R35,,,,,,,,,,
PPP1R37,,,,,,,,,,
PPP1R8,,,,,,,,,,
PPP2R5E,,,,,,,,,,
PPP4C,,,,,,,,,,
PPP4R1,,,,,,,,,,
PPP4R2,,,,,,,,,,
PPP4R3A,,,,,,,,,,
PPP6C,,,,,,,,,,
PPT1,,,,,,,,,,
PPT2,,,,,,,,,,
PRAM1,,,,,,,,,,
PRAP1,,,,,,,,,,
PRC1,,,,,,,,,,
PRCC,,,,,,,,,,
PRCP,,,,,,,,,,
PRDM11,,,,,,,,,,
PRDX2,,,,,,,,,,
PRDX4,,,,,,,,,,
PREP,,,,,,,,,,
PREX1,,,,,,,,,,
PRF1,,,,,,,,,,
PRG2,,,,0.03618892057128567,,,,,,
PRG3,,,,,,,,,,
PRICKLE3,,,,,,,,,,
PRIMPOL,,,,,,,,,,
PRKAA2,,,,,,,,,,
PRKAG1,,,,,,,,,,
PRKAR1A,,,,,,,,,,
PRKCI,,,9.707379923863235e-05,,,,,,,
PRKCSH,,,,,,,,,,
PRKD3,,,,,,,,,,
PRKX,,,0.030621532620259653,0.04195909473206749,,,,,,
PRMT3,,,0.033986405486729106,,,,,,,
PRMT5,,,,,,,,,,
PRMT6,,,,,,,,,,
PRMT9,,,,,,,,,,
PRODH,,,,,,,,,,
PROS1,,,,,,,,,,
PROSER2,,,,,,,,,,
PRPF18,,,,,,,,,,
PRPF19,,,0.006700075216295948,,,,,,,
PRPF3,,,0.006700075216295948,0.04240824870890299,,,,,,
PRPF40A,,,0.0007104736441665648,,,,,,,
PRPF4B,,,0.0018446075456292341,0.02856263343748887,,,,,,
PRPF6,,,7.689283917518252e-05,,,,,,,
PRPF8,,,0.0018446075456292341,,,,,,,
PRRC2A,,,3.9015194610795635e-06,0.023933338451491152,0.0013247698662648146,,,,,
PRRC2B,,,,,,,,,,
PRRC2C,,,0.01741079077680733,,,,,,,
PRTN3,,,,,,,,,,
PRUNE1,,,,,,,,,,
PSCA,,,,,,,,,,
PSEN1,,,,,,,,,,
PSEN2,,,,,,,,,,
PSMA8,,,,,,,,,,
PSMB5,,,,,,,,,,
PSMB7,,,,,,,,,,
PSMB9,,,,,,,,,,
PSMD10,,,,,,,,,,
PSMD13,,,,,,,,,,
PSMD3,,,,,,,,,,
PSMD8,,,,,,,,,,
PSMG2,,,,,,,,,,
PSPC1,,,,,,,,,,
PTBP2,,,,,,,,,,
PTGES2,,,,,,,,,,
PTGES3,,,,,,,,,,
PTGS1,,,0.0589294538747464,,,,,,,
PTK2B,,,,,,,,,,
PTK7,,,,,,,,,,
PTOV1,,,,,,,,,,
PTPMT1,,,,,,,,,,
PTPN12,,,,,,,,,,
PTPN2,,,0.0002824894790007241,,,,,,,
PTPN9,,,,,,,,,,
PTPRJ,,,,,,,,,,
PTPRK,,,,,,,,,0.010421587664449781,0.010421587664449781
PTS,,,,,,,,,,
PTX3,,,,,,,,,,
PUF60,,,7.689283917518252e-05,,,,,,,
PUM1,,,,,,,,,,
PUM3,,,,,,,,,,
PUS10,,,0.006700075216295948,,,,,,,
PUS3,,,,,,,,,,
PUS7,,,0.006700075216295948,,,,,,,
PUS7L,,,,,,,,,,
PVALB,,,,,,,,,,
PWP1,,,,,,,,,,
PWWP2B,,,,,,,,,,
PXMP4,,,,,,,,,,
PYCARD,,,,,,,,,,
PYCR1,,,,,,,,,,
PYURF,,,0.011381064144233167,,,,,,,
QPCT,,,,,,,,,,
QRICH1,,,,,,,,,,
QSER1,,,,,,,,,,
QSOX1,,,,,,,,,,
QSOX2,,,,,,,,,,
QTRT2,,,0.01741079077680733,,,,,,,
R3HCC1L,,,,,,,,,,
RAB11FIP4,,,,,,,,,,
RAB24,,,,,,,,,,
RAB27A,,,,,,,,,,
RAB27B,,,,,,,,,,
RAB31,,,,,,,,,,
RAB40C,,,,,,,,,,
RAB7A,,,0.011381064144233167,,,,,,,
RAB8A,,,,,,,,,,
RAB9A,,,,,,,,,,
RABEP2,,,,,,,,,,
RABGEF1,,,,,,,,,,
RABGGTA,,,,,,,,,,
RABGGTB,,,,,,,,,,
RABL3,,,,,,,,,,
RAC2,,,,,,,,,,
RAC3,,,,,,,,,,
RAD1,,,,0.02856263343748887,,,,,,
RAD17,,,,,,,,,,
RAD18,,,,,,,,,,
RAD51AP1,,,,,,,,,,
RAD54B,,,0.015956732502924197,,,,,,,
RAD54L2,,,0.0018446075456292341,,,,,,,
RAE1,,,0.0018446075456292341,,,,,,,
RAF1,,,,,,,,,,
RAI1,,,,,,,,,,
RALGAPA2,,,,,,,,,,
RAMAC,,,0.0007104736441665648,,,,,,,
RAN,,,0.0589294538747464,,,,,,,
RANGAP1,,,0.0039416024863360155,,,,,,,
RAP1GAP2,,,0.04531412582602602,,,,,,,
RAPGEF6,,,,,,,,,,
RAPH1,,,,,,,,,0.014240394077905606,0.014240394077905606
RARA,,,,,,,,,,
RARRES1,,,,,,,,,,
RASAL1,,,0.011381064144233167,,,,,,,
RASAL2,,,,,,,,,,
RASSF5,,,,,,,,,,
RAVER1,,,0.0029465196536075677,0.0327760308326458,,,,,,
RB1CC1,,,0.001261768452169972,,,,,,,
RBBP6,,,7.689283917518252e-05,,,,,,,
RBBP7,,,,,,,,,,
RBBP8,,,,,,,,,,
RBL1,,,,,,,,,,
RBM10,,,,,,,,,,
RBM12,,,0.033986405486729106,,,,,,,
RBM12B,,,0.0018446075456292341,,,,,,,
RBM15,,,0.024365900791293728,,,,,,,
RBM15B,,,,,,,,,,
RBM17,,,,,,,,,,
RBM19,,,0.0007419063143518741,,,,,,,
RBM25,,,0.0018446075456292341,,,,,,,
RBM27,,,,,,,,,,
RBM33,,,0.01741079077680733,,,,,,,
RBM39,,,0.006700075216295948,,,,,,,
RBM42,,,0.0007104736441665648,,,,,,,
RBM6,,,0.018652443383799188,,,,,,,
RBMX2,,,,,,,,,,
RBSN,4.3052388053996814e-10,,,,,,,,,
RCAN3,,,,,,,,,,
RCC1,,,0.011381064144233167,,,,,,,
RCC2,,,0.0009185636032842232,,,,,,,
RCN3,,,,,,,,,,
RCOR1,,,,,,,,,,
RCOR2,,,,,,,,,,
RECQL5,,,0.0002824894790007241,,,,,,,
REEP6,,,,,,,,,,
REG1A,,,,,,,,,,
REPS1,,,,,,,,,,
RERE,,,,,,,,,,
REST,,,,,,,,,,
RETN,,,,,,,,,,
REXO4,,,3.9015194610795635e-06,,,,,,,
RFC2,,,,,,,,,,
RFC3,,,,,,,,,,
RFC4,,,0.0018446075456292341,,,,,,,
RFTN1,2.350225008300639e-08,,,,,,,,,
RFXAP,,,,,,,,,,
RGL3,,,,,,,,,,
RGS14,,,,,,,,,,
RGS18,,,,,,,,,,
RGS19,,,,,,,,,,
RGS3,,,,,,,,,,
RHEB,,,,,,,,,,
RHOG,,,,,,,,,,
RIDA,,,,,,,,,,
RIF1,,,3.043407472812206e-05,0.04719965439541532,,,,,,
RINT1,,,,,,,,,,
RIOK1,,,6.799271588604352e-05,0.055922585769828004,,,,,,
RIOK2,,,,,,,,,,
RIPK1,,,,,,,,,,
RIPK2,,,,,,,,,,
RLF,,,,0.02506586355518376,,,,,,
RLIM,,,,,,,,,,
RMC1,,,,,,,,,,
RMDN2,,,,,,,,,,
RMI1,,,,,,,,,,
RNASE2,,,,,,,,,,
RNASE3,,,,,,,,,,
RNASE6,,,,,,,,,,
RNF10,,,,,,,,,,
RNF115,,,0.024365900791293728,,,,,,,
RNF123,,,,,,,,,,
RNF13,,,,,,,,,,
RNF130,,,,,,,,,,
RNF169,,,,,,,,,,
RNF181,,,0.024365900791293728,,,,,,,
RNF2,,,,,,,,,,
RNF20,,,,,,,,,,
RNF213,,,0.010006978955901927,,,,,,,
RNF216,,,,,,,,,,
RNF25,,,,,,,,,,
RNF40,,,,,,,,,,
RNGTT,,,0.004512811271143977,,,,,,,
RNMT,,,0.00039680819440489795,,,,,,,
RNPC3,,,,,,,,,,
RNPEPL1,,,,,,,,,,
ROMO1,,,,,,,,,,
RPAIN,,,,,,,,,,
RPAP3,,,0.0018446075456292341,,,,,,,
RPF1,,,,,,,,,,
RPL12,,,,,,,,,,
RPL14,,,,,,,,,,
RPL15,,,,,,,,,,
RPL22,,,,,,,,,,
RPL22L1,,,,,,,,,6.742086221271898e-10,6.742086221271898e-10
RPL39,,,,,,,,,,
RPL7L1,,,,,,,,,,
RPP21,,,,,,,,,,
RPP25L,,,,,,,,,,
RPP40,,,0.0039416024863360155,,,,,,,
RPRD1A,,,0.0018446075456292341,,,,,,,
RPRD2,,,0.006700075216295948,,,,,,,
RPS11,,,,,,,,,,
RPS15,,,,,,,,,,
RPS18,,,,,,,,,,
RPS4X,,,,,,,,,,
RPS6KA5,,,,,,,,,,
RPS6KB1,,,,,,,,,,
RPS6KB2,,,,,,,,,,
RPS9,,,,,,,,,,
RPUSD3,,,,,,,,,,
RRM1,,,,,,,,,,
RRM2B,,,,,,,,,,
RRP1,,,0.001261768452169972,,,,,,,
RRP1B,,,0.0018446075456292341,,,,,,,
RRP36,,,0.0029465196536075677,0.0327760308326458,,,,,,
RRP8,,,,,,,,,,
RRP9,,,0.00039680819440489795,,,,,,,
RSF1,,,,,,,,,,
RTF1,,,,,,,,,,
RTF2,,,0.01395212327715147,,,,,,,
RTL10,,,,,,,,,,
RTN2,,,,,,,,,,
RTN4IP1,,,0.004512811271143977,,,,,,,
RUSC1,,,,,,,,,,
RWDD1,,,,,,,,,,
RWDD3,,,,,,,,,,
RXRB,,,,,,,,,,
RYBP,,,,,,,,,,
S100A1,,,0.04531412582602602,,,,,,,
S100A10,,,,,,,,,,
S100A12,,,,,,,,,,
S100A14,,,,,,,,,,
S100A16,,,,,,,,,,
S100A2,,,,,,,,,,
S100A4,,,,,,,,,,
S100A6,,,,,,,,,,
S100A8,,,,,,,,,,
S100A9,,,,,,,,,,
S100G,,,,,,,,,,
S100P,,,,,,,,,,
SAA1,,,,,,,,,,
SAAL1,,,,,,,,,,
SAC3D1,,,0.006700075216295948,,,,,,,
SAE1,,,0.0007104736441665648,,,,,,,
SAMD12,,,,,,,,,,
SAMD9,,,0.024365900791293728,,,,,,,
SAMSN1,,,0.024365900791293728,,,,,,,
SAP30,,,,,,,,,,
SAP30BP,,,0.0029465196536075677,,,,,,,
SAR1A,,,,,,,,,,
SARS2,,,0.006700075216295948,,,,,,,
SART1,,,0.006700075216295948,,,,,,,
SASH3,,,0.024365900791293728,,,,,,,
SASS6,,,,,,,,,,
SBNO2,,,,,,,,,,
SCAF11,,,0.0007104736441665648,,,,,,,
SCAF4,,,0.0039416024863360155,,,,,,,
SCAF8,,,0.0018446075456292341,,,,,,,
SCAMP2,,,,,,,,,,
SCARB1,,,0.033986405486729106,,,,,,,
SCCPDH,,,,,,,,,,
SCEL,,,,,,,,,,
SCFD2,,,,,,,,,,
SCGB1A1,,,,,,,,,,
SCGB1D1,,,,,,,,,,
SCGB1D2,,,,,,,,,,
SCGB2A1,,,,,,,,,,
SCGB2A2,,,,,,,,,,
SCIN,,,,,,,,,,
SCNM1,,,,,,,,,,
SCOC,,,,,,,,,,
SCPEP1,,,,,,,,,,
SCRIB,,,,,,,,,,
SCUBE2,,,,,,,,,,
SCYL1,,,,,,,,,,
SDCBP,,,,,,,,,,
SDCBP2,,,,,,,,,,
SDF2,,,7.689283917518252e-05,,,,,,,
SEC11C,,,,,,,,,,
SEC14L1,,,,,,,,,,
SEC14L4,,,,,,,,,,
SEC23IP,,,,,,,,,,
SEC24A,,,,,,,,,,
SEC61A2,,,,,,,,,,
SEC61G,,,,,,,,,,
SEL1L,,,,,,,,,,
SELENOH,,,,,,,,,,
SELP,,,,,,,,,,
SEMA3A,,,,,,,,,,
SEMA3C,,,,,,,,,,
SEMA3F,,,,,,,,,,
SEMA4B,,,,,,,,,,
SENP2,,,9.42505180063421e-07,0.041577697326775916,,,,,,
SENP3,,,0.0018446075456292341,,,,,,,
SENP7,,,0.0039416024863360155,,,,,,,
SEPT1,,,,,,,,,,
SEPT6,,,,,,,,,,
SERAC1,,,,,,,,,,
SERINC3,,,,,,,,,,
SERPINA11,,,,,,,,,,
SERPINB10,,,,,,,,,,
SERPINB12,,,,,,,,,,
SERPINB5,,,,,,,,,,
SERPINB9,,,,,,,,,,
SERPINF1,,,,,,,,,,
SESN3,,,,,,,,,,
SET,,,,,,,,,,
SETD2,,,,,,,,,,
SETD3,,,,,,,,,,
SETD5,,,,,,,,,,
SETDB1,,,0.011381064144233167,,,,,,,
SETX,,,,,,,,,,
SEZ6L2,,,,,,,,,,
SF3B1,,,,,,,,,,
SF3B2,,,0.0039416024863360155,0.023933338451491152,,,,,,
SF3B3,,,,,,,,,,
SF3B4,,,0.0018446075456292341,,,,,,,
SFMBT1,,,,,,,,,,
SFN,,,,,,,,,,
SFRP2,,,0.0051711343126678725,,,,,,,
SFSWAP,,,0.010006978955901927,,,,,,,
SFXN2,,,,,,,,,,
SFXN4,,,,,,,,,,
SH2B2,,,,,,,,,,
SH2D1A,,,,,,,,,,
SH2D3A,,,,,,,,,,
SH3BP1,,,,,,,,,,
SH3BP2,,,,,,,,,,
SH3BP5L,,,,,,,,,,
SHANK2,,,,,,,,,,
SHISA5,,,,,,,,,,
SHKBP1,,,0.0018446075456292341,,,,,,,
SHROOM2,,,,,,,,,,
SHROOM3,,,,,,,,,,
SIGIRR,,,,,,,,,,
SIGLEC1,,,,,,,,,,
SIKE1,,,,,,,,,,
SIN3A,,,,,,,,,,
SINHCAF,,,0.0106549193242759,,,,,,,
SIPA1L3,,,,,,,,,,
SIRPA,,,,,,,,,,
SIRT1,,,,,,,,,,
SIRT5,,,,,,,,,,
SIRT7,,,,,,,,,,
SIX4,,,,,,,,,,
SKA1,,,,,,,,,,
SKA3,,,0.008208577720491536,,,,,,,
SKP1,,,,,,,,,,
SKP2,,,,,,,,,,
SLBP,,,0.01741079077680733,,,,,,,
SLC10A7,,,,,,,,,,
SLC11A2,,,,,,,,,,
SLC12A6,,,,,,,,,,
SLC12A9,,,,,,,,,,
SLC14A1,,,,,,,,,,
SLC1A3,,,,,,,,,,
SLC25A19,,,0.0009185636032842232,,,,,,,
SLC25A30,,,,,,,,,,
SLC27A4,,,,,,,,,,
SLC27A6,,,,,,,,,,
SLC2A3,,,,,,,,,,
SLC30A5,,,,,,,,,,
SLC35E1,,,,,,,,,,
SLC38A1,,,0.004512811271143977,,,,,,,
SLC38A2,,,7.689283917518252e-05,,,,,,,
SLC39A6,,,,,,,,,,
SLC39A8,,,,,,,,,,
SLC44A4,,,,,,,,,,
SLC4A1,,,,,,,,,,
SLC4A1AP,,,2.2184590142636876e-05,0.04416140648622212,0.09207031456788377,,,,,
SLC4A7,,,,,,,,,,
SLC50A1,,,,,,,,,,
SLC5A6,,,,,,,,,,
SLC6A14,,,,,,,,,,
SLC7A2,,,,,,,,,,
SLC9A1,,,,,,,,,,
SLC9A3R2,,,,,,,,,,
SLFN13,,,,,,,,,,
SLPI,,,,,,,,,,
SLU7,,,0.04531412582602602,,,,,,,
SMAD2,,,,,,,,,,
SMAP1,,,,,,,,,,
SMARCA1,,,,,,,,,,
SMARCA4,,,0.00011259096500962301,,,,,,,
SMARCA5,,,0.0018446075456292341,,,,,,,
SMARCB1,,,0.0018446075456292341,,,,,,,
SMARCC1,,,3.9403065548755614e-05,,,,,,,
SMARCD1,,,0.0007104736441665648,,,,,,,
SMARCD2,,,,,,,,,,
SMARCE1,,,0.0009185636032842232,,,,,,,
SMC2,,,,,,,,,,
SMC6,,,0.033986405486729106,,,,,,,
SMCHD1,,,0.0039416024863360155,,,,,,,
SMDT1,,,,,,,,,,
SMG1,,,0.0018446075456292341,,,,,,,
SMG5,,,,,,,,,,
SMG6,,,,,,,,,,
SMG7,,,,,,,,,,
SMG8,,,0.00011259096500962301,0.021450752509368027,,,,,,
SMG9,,,,,,,,,,
SMIM12,,,,,,,,,,
SMIM20,,,,,,,,,,
SMIM22,,,,,,,,,,
SMNDC1,,,,,,,,,,
SMPD3,,,,,,,,,,
SMYD3,,,,,,,,,,
SNAPC4,,,,,,,,,,
SNAPC5,,,,,,,,,,
SNCAIP,,,,,,,,,,
SNIP1,,,,,,,,,,
SNRNP200,,,8.1145406758975e-06,0.03618892057128567,,,,,,
SNRNP48,,,,,,,,,,
SNRPA1,,,,,,,,,,
SNRPF,,,,,,,,,,
SNRPG,,,,,,,,,,
SNW1,,,,,,,,,,
SNX13,,,,,,,,,,
SNX8,,,,,,,,,,
SOGA1,,,0.011381064144233167,,,,,,,
SON,,,0.00039680819440489795,,,,,,,
SOS1,,,,,,,,,,
SOX5,,,,,,,,,,
SPAG7,,,,,,,,,,
SPARC,,,,,,,,,,
SPATA13,,,,,,,,,,
SPATA6,,,,,,,,,,
SPATS2,,,,,,,,,,
SPATS2L,,,,,,,,,,
SPC24,,,,,,,,,,
SPC25,,,,,,,,,,
SPDL1,,,0.004512811271143977,,,,,,,
SPICE1,,,,,,,,,,
SPINDOC,,,,,,,,,,
SPINT2,,,,,,,,,,
SPOCK2,,,,,,,,,,
SPON1,,,,,,,,,,
SPP1,,,,,,,0.3630717318509923,,0.06530156212827633,0.06530156212827633
SPRR1B,,,,,,,,,,
SPRY1,,,,,,,,,,
SPRY4,,,,,,,,,,
SPRYD7,,,,,,,,,,
SPTA1,,,,,,,,,,
SPTB,,,,,,,,,,
SQSTM1,,,0.01395212327715147,,,,,,,
SRCAP,,,0.0039416024863360155,,,,,,,
SRGAP1,,,,,,,,,,
SRGAP2,,,,,,,,,,
SRGN,,,,,,,,,,
SRP19,,,,,,,0.0074606962025178655,,,
SRP9,,,,,,,,,,
SRPK2,,,,,,,,,,
SRPX2,,,,,,,,,,
SRRM1,,,,,,,,,,
SRRM2,,,,,,,,,,
SRRT,,,0.0018446075456292341,,,,,,,
SRSF8,,,,,,,,,,
SS18,,,0.0018446075456292341,,,,,,,
SS18L1,,,,0.0327760308326458,,,,,,
SS18L2,,,,,,,,,,
SSB,,,0.0018446075456292341,,,,,,,
SSBP3,,,,,,,,,,
SSH2,,,,,,,,,,
SSH3,,,,,,,,,,
SSR2,,,,,,,,,,
SSRP1,,,0.0009185636032842232,,,,,,,
SST,,,,,,,,,,
ST3GAL1,,,,,,,,,,
STAM,,,,,,,,,,
STAMBPL1,,,,,,,,,,
STARD10,,,,,,,,,,
STARD3,,,0.006700075216295948,0.02506586355518376,,,,,,
STAT1,,,0.006700075216295948,,,,,,,
STAT2,,,0.0018446075456292341,0.04719965439541532,,,,,,
STAT3,,,0.01741079077680733,,,,,,,
STAU1,,,0.0029465196536075677,0.0327760308326458,,,,,,
STAU2,,,0.011381064144233167,,,,,,,
STC1,,,,,,,,,,
STC2,,,,,,,,,,
STEAP1,,,,,,,,,,
STEAP1B,,,,,,,,,,
STEAP2,,,,,,,,,,
STEAP3,,,,,,,,,,
STIM2,,,,,,,,,,
STK10,,,0.01395212327715147,,,,,,,
STK17A,,,,,,,,,,
STK17B,,,,,,,,,,
STK25,,,,,,,,,,
STK35,,,0.0039416024863360155,,,,,,,
STMN1,,,,,,,,,,
STOM,,,,,,,,,,
STUB1,,,,,,,,,,
STX11,,,,,,,,,,
STX16,,,,,,,,,,
STX5,,,,,,,,,,
STX7,,,,,,,,,,
SUB1,,,,0.04719965439541532,,,,,,
SUCO,,,,,,,,,,
SULF1,,,,,,,,,,
SULT1A1,,,,,,,,,,
SULT1B1,,,,,,,,,,
SULT2B1,,,,,,,,,,
SUMF1,,,,,,,,,,
SUMF2,,,,,,,,,,
SUMO1,,,0.010006978955901927,0.023933338451491152,,,,,,
SUMO2,,,,,,,,,,
SUMO3,,,0.01395212327715147,,,,,,,
SUOX,,,,,,,,,,
SUPT16H,,,0.0007419063143518741,,,,,,,
SUPT5H,,,0.0018446075456292341,,,,,,,
SUPT6H,,,0.00011259096500962301,,,,,,,
SURF2,,,0.0018446075456292341,0.021450752509368027,,,,,,
SUV39H2,,,,,,,,,,
SYBU,,,,,,,,,,
SYMPK,,,0.011381064144233167,,,,,,,
SYNE2,,,,,,,,,,
SYNJ2,,,,,,,,,,
SYNRG,,,,,,,,,,
SYT17,,,,,,,,,,
SYT2,,,,,,,,,,
SYVN1,,,,,,,,,,
TACC2,,,,,,,,,,
TACC3,,,0.0029465196536075677,,,,,,,
TACO1,,,0.06141201333775337,,,,,,,
TACSTD2,,,,,,,,,,
TADA3,,,,,,,,,,
TAF11,,,,,,,,,,
TAF12,,,,,,,,,,
TAF1L,,,,,,,,,,
TAF2,,,0.00039680819440489795,,,,,,,
TAF6L,,,0.01395212327715147,,,,,,,
TAF8,,,,,,,,,,
TAGLN2,,,,,,,,,,
TAGLN3,,,,,,,,,,
TANC2,,,,,,,,,,
TAP1,,,0.0589294538747464,,,,,,,
TAPBPL,,,,,,,,,,
TARBP2,,,0.006700075216295948,,,,,,,
TARS2,,,,,,,,,,
TBC1D10A,,,,,,,,,,
TBC1D10B,,,,,,,,,,
TBC1D12,,,,,,,,,,
TBC1D2,,,,,,,,,,
TBC1D22A,,,,,,,,,,
TBCA,,,,,,,,,,
TBCC,,,,,,,,,,
TBL1XR1,,,0.0009185636032842232,,,,,,,
TBL3,,,0.0018446075456292341,,,,,,,
TBXAS1,,,,,,,,,,
TC2N,,,,,,,,,,
TCEA1,,,,,,,,,,
TCEA3,,,,,,,,,,
TCEANC2,,,,,,,,,,
TCERG1,,,0.0039416024863360155,,,,,,,
TCIRG1,,,,,,,,,,
TCN1,,,,,,,,,,
TCN2,,,,,,,,,,
TDRKH,,,0.04531412582602602,,,,,,,
TEC,,,,,,,,,,
TECPR1,,,,,,,,,,
TEDC1,,,,,,,,,,
TELO2,,,0.024365900791293728,,,,,,,
TENT4B,,,,,,,,,,
TEP1,,,,,,,,,,
TEPSIN,,,,,,,,,,
TESC,,,,,,,,,,
TEX30,,,,,,,,,,
TFAP2A,,,,,,,,,,
TFB1M,,,,,,,,,,
TFB2M,,,,,,,,,,
TFCP2,,,,,,,,,,
TFDP1,,,,,,,,,,
TFG,,,,,,,,,,
TFIP11,,,7.689283917518252e-05,,,,,,,
TGFB2,,,,,,,,,,
TGFB3,,,,,,,,,,
TGFBRAP1,,,,,,,,,,
TGIF1,,,,,,,,,,
TGIF2,,,,,,,,,,
TGM3,,,,,,,,,,
THAP12,,,,,,,,,,
THBS1,,,,,,,,,,
THBS2,,,0.0009185636032842232,0.02506586355518376,,,,,,
THEM4,,,0.01741079077680733,,,,,,,
THEMIS2,,,0.004512811271143977,,,,,,,
THNSL1,,,,,,,,,,
THOP1,,,,,,,,,,
THSD4,,,,,,,0.013045214328981975,,,
THY1,,,,,,,,,,
TIA1,,,0.033986405486729106,,,,,,,
TICAM1,,,,,,,,,,
TIMELESS,,,,,,,,,,
TIMM10B,,,,,,,,,,
TIMP1,,,,,,,,,,
TJP2,,,,,,,,,,
TK1,,,7.689283917518252e-05,,,,,,,
TLK2,,,,,,,,,,
TLR3,,,,,,,,,,
TM4SF1,,,,,,,,,,
TM7SF2,,,,,,,,,,
TM7SF3,,,,,,,,,,
TMBIM6,,,,,,,,,,
TMC5,,,,,,,,,,
TMCC3,,,0.0029465196536075677,,,,,,,
TMEM106B,,,,,,,,,,
TMEM126A,,,,,,,,,,
TMEM132A,,,,,,,,,,
TMEM141,,,,,,,,,,
TMEM154,,,,,,,,,,
TMEM168,,,,,,,,,,
TMEM173,,,,,,,,,,
TMEM177,,,,,,,,,,
TMEM189,,,,,,,,,,
TMEM205,,,,,,,,,,
TMEM238,,,,,,,,,,
TMEM30B,,,,,,,,,,
TMEM39A,,,,,,,,,,
TMEM51,,,,,,,,,,
TMEM59,,,,,,,,,,
TMPO,,,,,,,,,,
TMX4,,,,,,,,,,
TNFAIP2,,,0.01395212327715147,,,,,,,
TNFAIP8L2,,,,,,,,,,
TNFRSF10C,,,,,,,,,,
TNFRSF12A,,,,,,,,,,
TNFSF10,,,0.001261768452169972,,,,,,,
TNFSF12-TNFSF13,,,,,,,,,,
TNPO3,,,0.07503254580745204,,,,,,,
TOB2,,,,,,,,,,
TOE1,,,,,,,,,,
TOMM6,,,,,,,,,,
TONSL,,,0.006700075216295948,,,,,,,
TOP1,,,0.00011259096500962301,,,,,,,
TOP2A,,,0.00011259096500962301,,,,,,,
TOPBP1,,,3.9015194610795635e-06,0.0327760308326458,,,,,,
TOR1B,,,,,,,,,,
TOX4,,,0.0018446075456292341,,,,,,,
TP53,,,0.000803637062627116,0.0923201591865752,,,,,,
TP53BP2,,,,,,,,,,
TP53I11,,,,,,,,,,
TPBG,,,,,,,,,,
TPRKB,,,,,,,,,,
TPTEP2-CSNK1E,,,,,,,,,,
TPX2,,,7.689283917518252e-05,0.03618892057128567,,,,,,
TRAF3,,,,,,,,,,
TRAFD1,,,0.03204659991523783,0.0327760308326458,,,,0.007511434727762986,,
TREX1,,,,,,,,,,
TRH,,,,,,,,,,
TRIM14,,,,,,,,,,
TRIM26,,,,,,,,,,
TRIM27,,,,,,,,,,
TRIM29,,,,,,,,,,
TRIM33,,,0.0029465196536075677,0.0327760308326458,,,,,,
TRIM34,,,,,,,,,,
TRIP12,,,,0.02506586355518376,,,,,,
TRIP13,,,,,,,,,,
TRIQK,,,,,,,,,,
TRMT1,,,0.011381064144233167,,,,,,,
TRMT10C,,,0.0007419063143518741,,,,,,,
TRMT112,,,,,,,,,,
TRMT5,,,,,,,,,,
TRMT6,,,2.2184590142636876e-05,0.02856263343748887,,,,,,
TRMT61A,,,0.0029465196536075677,,,,,,,
TRMT61B,,,,,,,,,,
TRPM4,,,,,,,,,,
TRRAP,,,,,,,,,,
TSC22D1,,,,,,,,,,
TSC22D4,,,,,,,,,,
TSEN34,,,0.006700075216295948,,,,,,,
TSEN54,,,,,,,,,,
TSHZ1,,,,,,,,,,
TSPAN1,,,,,,,,,,
TSPAN8,,,,,,,,,,
TSPAN9,,,,,,,,,,
TSPYL1,,,,,,,,,,
TSR1,,,,,,,,,,
TSR3,,,,0.02506586355518376,,,,,,
TSTD2,,,,,,,,,,
TTC14,,,,,,,,,,
TTC17,,,,,,,,,,
TTC39B,,,,,,,,,,
TTC4,,,0.0018446075456292341,,,,,,,
TTC5,,,0.00039680819440489795,,,,,,,
TTC7A,,,,,,,,,,
TTI1,,,,,,,,,,
TTI2,,,,,,,,,,
TTLL12,,,,,,,,,,
TTYH3,,,,,,,,,,
TUBA8,,,,,,,,,,
TUBB1,,,,,,,,,,
TUBB2B,,,0.011381064144233167,,,,,,,
TUBB4A,,,0.0018446075456292341,,,,,,,
TUBB4B,,,,,,,,,,
TUBB8,,,,,,,,,,
TUFM,,,0.01741079077680733,,,,,,,
TUT4,,,,,,,,,,
TUT7,,,,,,,,,,
TWF1,,,,,,,,,,
TWISTNB,,,,,,,,,,
TWNK,,,,,,,,,,
TWSG1,,,,,,,,,,
TXLNG,,,0.11479932807654199,,,,,,0.010642467918855914,0.010642467918855914
TXNDC11,,,,,,,,,,
TXNDC5,,,,,,,,,,
TXNRD2,,,,,,,,,,
TYK2,,,,,,,,,,
TYMS,,,,,,,,,,
TYW3,,,,,,,,,,
U2SURP,,,7.689283917518252e-05,0.02506586355518376,,,,,,
UAP1,,,,,,,,,,
UAP1L1,,,,,,,,,,
UBA3,,,,,,,,,,
UBAC1,,,,,,,,,,
UBALD2,,,,,,,,,,
UBAP2L,,,0.033986405486729106,,,,,,,
UBE2C,,,7.689283917518252e-05,,,,,,,
UBE2D1,,,,,,,,,,
UBE2E3,,,,,,,,,,
UBE2G1,,,,,,,,,,
UBE2H,,,,,,,,,,
UBE2I,,,,,,,,,,
UBE2J2,,,0.0039416024863360155,,,,,,,
UBE2O,,,,,,,,,,
UBE2Q1,,,,,,,,,,
UBE2S,,,0.001261768452169972,,,,,,,
UBE3A,,,,,,,,,,
UBE4A,,,,,,,,,,
UBE4B,,,,,,,,,,
UBL4A,,,,,,,,,,
UBL7,,,,,,,,,,
UBN1,,,,,,,,,,
UBP1,,,,,,,,,,
UBQLN4,,,0.04531412582602602,,,,,,,
UBR2,,,0.0039416024863360155,,,,,,,
UBR3,,,,,,,,,,
UBR5,,,0.0018446075456292341,,,,,,,
UBTD1,,,,,,,,,,
UCHL1,,,0.0018446075456292341,,,,,,,
UFD1,,,,,,,,,,
UFSP2,,,,,,,,,,
UHRF1BP1,,,,,,,,,,
ULBP3,,,,,,,,,,
ULK1,,,,,,,,,,
UMPS,,,0.04531412582602602,,,,,,,
UNC13D,,,,,,,,,,
UNG,,,0.024365900791293728,,,,,,,
UPF1,,,0.004512811271143977,0.03618892057128567,,,,,,
UPF2,,,0.0039416024863360155,,,,,,,
UPF3B,,,,,,,,,,
UPK1B,,,,,,,,,,
UPK3B,,,,,,,,,,
UPP1,,,,,,,,,,
UQCC3,,,,,,,,,,
URB1,,,0.01741079077680733,,,,,,,
URB2,,,0.011381064144233167,,,,,,,
UROD,,,,,,,,,,
UROS,,,,,,,,,,
USF2,,,0.006700075216295948,,,,,,,
USP11,,,0.0018446075456292341,,,,,,,
USP14,,,0.0009185636032842232,,,,,,,
USP18,,,,,,,,,,
USP19,,,0.0029465196536075677,,,,,,,
USP24,,,0.024365900791293728,0.03618892057128567,,,,,,
USP28,,,0.024365900791293728,,,,,,,
USP32,,,7.689283917518252e-05,,,,,,,
USP36,,,0.0009185636032842232,0.02506586355518376,,,,,,
USP39,,,0.00018372156618720462,0.021450752509368027,,,,,,
USP4,,,,,,,,,,
USP42,,,,,,,,,,
USP9Y,,,,,,,,,,
UTP18,,,0.006700075216295948,,,,,,,
UTP20,,,,,,,,,,
UTP23,,,,,,,,,,
UTP25,,,0.01741079077680733,,,,,,,
UTP3,,,0.0018446075456292341,,,,,,,
UTP4,,,1.853351415028703e-05,,,,,,,
UTP6,,,0.001261768452169972,,,,,,,
UVSSA,,,,,,,,,,
VAC14,,,,,,,,,,
VAV1,,,0.010006978955901927,,,,,,,
VAV2,,,,,,,,,,
VBP1,,,0.04531412582602602,,,,,,,
VCAM1,,,0.006700075216295948,0.016089168988944035,,,,,,
VCAN,,,,,,,,,,
VIL1,,,,,,0.03459898435571697,,,0.08039742891458675,0.08039742891458675
VIRMA,,,0.006700075216295948,,,,,,,
VLDLR,,,,,,,,,,
VNN1,,,,,,,,,,
VNN2,,,,,,,,,,
VPS13A,,,,,,,,,,
VPS13B,,,,,,,,,,
VPS29,,,,,,,,,,
VPS45,,,,,,,,,,
VPS50,,,,,,,,,,
VPS52,,,,,,,,,,
VPS53,,,,,,,,,,
VPS54,,,,,,,,,,
VPS72,,,,,,,,,,
VRK1,,,0.0029465196536075677,,,,,,,
VRK2,,,,,,,,,,
VRK3,,,,,,,,,,
VWA5B2,,,,,,,,,,
WAC,,,,,,,,,,
WARS,,,0.033986405486729106,,,,,,,
WARS2,,,,,,,,,,
WASF1,,0.026609735654344997,0.005509615577765333,,,,,,,
WBP11,,,0.0018446075456292341,,,,,,,
WBP2,,,,,,,,,,
WDFY2,,,,,,,,,,
WDR12,,,0.0018446075456292341,,,,,,,
WDR3,,,0.0004575301105460973,,,,,,,
WDR35,,,,,,,,,,
WDR36,,,0.018652443383799188,,,,,,,
WDR41,,,,,,,,,,
WDR47,,,,,,,,,,
WDR54,,,,,,,,,,
WDR59,,,,,,,,,,
WDR6,,,,,,,,,,
WDR60,,,,,,,,,,
WDR66,,,,,,,,,,
WDR70,,,0.024365900791293728,,,,,,,
WDR74,,,0.07503254580745204,,,,,,,
WDR75,,,1.853351415028703e-05,0.04240824870890299,,,,,,
WDR77,,,,,,,,,,
WDR82,,,,,,,,,,
WDR83,,,0.01741079077680733,,,,,,,
WDR90,,,,,,,,,,
WEE1,,,,,,,,,,
WFDC2,,,,,,,,,,
WIF1,,,,,,,,,,
WIPF2,,,,,,,,,,
WISP2,1.3134799412274593e-08,,,,,,,,,
WNK2,,,,,,,,,,
WNT4,,,,,,,,,,
WNT7A,,,0.0015875797572932966,,,,,,,
WRAP53,,,,,,,,,,
WRB-SH3BGR,,,,,,,,,,
WRN,,,,,,,,,,
WRNIP1,,,0.0018446075456292341,0.007278774979561383,,,,,,
WTAP,,,,,,,,,,
WWC2,,,,,,,,,,
XAB2,,,,,,,,,,
XDH,,,,,,,,,,
XPNPEP3,,,,,,,,,,
XPO1,,,1.853351415028703e-05,,,,,,,
XPO4,,,,,,,,,,
XPO5,,,1.4241181718217264e-05,0.025772802459049407,0.007333809733463607,,,,,
XPO7,,,,,,,,,,
XPOT,,,,,,,,,,
XRCC1,,,,,,,,,,
YAE1,,,,,,,,,,
YAF2,,,,,,,,,,
YBX2,,,0.0106549193242759,,,,,,,
YBX3,,,0.006700075216295948,,,,,,,
YEATS4,,,,,,,,,,
YLPM1,,,,,,,,,,
YOD1,,,,,,,,,,
YRDC,,,,,,,,,,
YTHDC1,,,,,,,,,,
YTHDC2,,,,,,,,,,
YTHDF1,,,0.00014862525269932115,0.04240824870890299,,,,,,
YTHDF3,,,0.0018446075456292341,,,,,,,
YWHAG,,,,,,,,,,
YY1,,,,,,,,,,
YY1AP1,,,,,,,,,,
ZADH2,,,,,,,0.013045214328981975,,,
ZBED1,,,,,,,,,,
ZBED5,,,,,,,,,,
ZBED8,,,,,,,,,,
ZBTB1,,,,,,,,,,
ZBTB10,,,0.006700075216295948,,,,,,,
ZBTB14,,,,,,,,,,
ZBTB7A,,,,,,,,,,
ZC3H12A,,,,0.04719965439541532,,,,,,
ZC3H13,,,,,,,,,,
ZC3H14,,,,,,,,,,
ZC3H7A,,,,,,,,,,
ZC3H8,,,2.2184590142636876e-05,,,,,,,
ZCCHC17,,,0.0007104736441665648,,,,,,,
ZDHHC13,,,,,,,,,,
ZDHHC3,,,,,,,,,,
ZFAND2B,,,,,,,,,,
ZFAND3,,,,,,,,,,
ZFC3H1,,,0.00018372156618720462,,,,,,,
ZFHX3,,,,,,,,,,
ZFP1,,,,,,,,,,
ZFR,,,0.00011259096500962301,0.021450752509368027,,,,,,
ZFX,,,,,,,,,,
ZFYVE19,,,,,,,,,,
ZG16B,,,,,,,,,,
ZGPAT,,,0.0018446075456292341,,,,,,,
ZHX2,,,,,,,,,,
ZMAT2,,,0.0018446075456292341,,,,,,,
ZMYM2,,,,,,,,,,
ZMYM3,,,0.0009185636032842232,,,,,,,
ZMYM4,,,0.07503254580745204,,,,,,,
ZMYND8,,,,,,,,,,
ZNF12,,,,0.04316641126139496,,,,,,
ZNF148,,,0.0018446075456292341,,,,,,,
ZNF184,,,,0.023933338451491152,,,,,,
ZNF217,,,0.0029465196536075677,,,,,,,
ZNF219,,,,,,,,,,
ZNF22,,,,,,,,,,
ZNF268,,,,,,,,,,
ZNF281,,,,,,,,,,
ZNF292,,,,,,,,,,
ZNF318,,,7.689283917518252e-05,0.03618892057128567,,,,,,
ZNF326,,,0.007011828155788928,,,,,,,
ZNF330,,,,,,,,,,
ZNF346,,,,,,,,,,
ZNF362,,,,,,,,,,
ZNF37A,,,,,,,,,,
ZNF384,,,,,,,,,,
ZNF408,,,,,,,,,,
ZNF428,,,,,,,,,,
ZNF444,,,0.020719366854211947,,,,,,,
ZNF48,,,,,,,,,,
ZNF507,,,,,,,,,,
ZNF512B,,,0.00039680819440489795,,,,,,,
ZNF532,,,,,,,,,,
ZNF552,,,,,,,,,,
ZNF581,,,,,,,,,,
ZNF587,,,,,,,,,,
ZNF605,2.350225008300639e-08,,,,,,,,,
ZNF622,,,3.043407472812206e-05,0.04719965439541532,,,,,,
ZNF629,,,,,,,,,,
ZNF630,,,,,,,,,,
ZNF638,,,,,,,,,,
ZNF644,,,,0.023933338451491152,,,,,,
ZNF672,,,,0.021450752509368027,,,,,,
ZNF687,,,,,,,,,,
ZNF691,,,,,,,,,,
ZNF701,,,,,,,,,,
ZNF704,,,,,,,,,,
ZNF713,,,,,,,,,,
ZNF746,,,,,,,,,,
ZNF76,,,,,,,,,,
ZNF787,,,,,,,,,,
ZNF8,,,,0.0327760308326458,,,,,,
ZNF800,,,,,,,,,,
ZNHIT1,,,0.033986405486729106,0.04240824870890299,,,,,,
ZNHIT2,,,0.006700075216295948,,,,,,,
ZNHIT3,,,0.00400305402918554,0.04195909473206749,,,,,,
ZNHIT6,,,0.004512811271143977,,,,,,,
ZNRF1,,,,,,,,,,
ZPR1,,,0.01741079077680733,,,,,,,
ZSCAN30,,,,,,,,,,
ZWINT,,,,,,,,,,
ZZEF1,,,,,,,,,,
ZZZ3,,,,,,,,,,
