,Sample_Tumor_Normal_Normal_enrichment_FDR,"Participant_History_Malignancy_Yes, History of Other Cancer Greater Than One Year Ago_enrichment_FDR"
A1BG,1.5301115990269903e-06,
A2M,,
A2ML1,,
AAAS,,
AACS,,
AAGAB,,
AAK1,,
AAMDC,,
AARS,,
AARS2,,
AASDH,,
AATF,,
ABAT,,
ABCA8,7.41592146431765e-09,
ABCB10,,
ABCB7,,
ABCC1,,0.005884791076475706
ABCC10,,
ABCC4,,
ABCD1,,
ABCD3,,
ABCF1,,
ABCF2,,
ABCF3,,
ABHD10,,
ABHD14B,,
ABHD16A,,
ABHD5,0.0021602716525293353,
ABI1,,
ABI2,,
ABI3BP,2.76822251883333e-07,
ABL1,0.00021412542691033907,
ABRAXAS1,,
ABRAXAS2,,
ACAA1,,
ACAA2,,
ACACA,0.006522580258607845,
ACACB,,
ACAD10,,
ACAD11,,
ACAD8,,
ACADM,,
ACADS,0.0006638046008082901,
ACADSB,,
ACADVL,,
ACAN,,
ACAP1,,
ACBD3,,
ACBD5,,
ACE,4.4702591743584566e-05,
ACLY,,
ACLY(1),,
ACO2,,
ACOT1,0.00021412542691033907,
ACOT11,,
ACOT2,0.00021412542691033907,
ACOT4,,
ACOT7,,
ACOT8,,
ACOT9,,
ACOT9(1),,
ACOX1,,
ACOX2,,
ACOX3,,
ACP1,,
ACP1(1),,
ACP2,,
ACP6,,0.01654283248270526
ACPP,,
ACSF2,,
ACSF3,,
ACSF3(1),,
ACSL1,4.4702591743584566e-05,
ACSL1(1),4.4702591743584566e-05,
ACSL3,,
ACSL4,,
ACSL5,0.0016459222356410988,
ACSL6,0.006522580258607845,
ACSM3,,
ACSS1,,
ACSS2,0.0016459222356410988,
ACSS3,,
ACTA1,1.6721344116652392e-06,
ACTA2,1.6721344116652392e-06,
ACTBL2,4.4702591743584566e-05,
ACTG2,1.6721344116652392e-06,
ACTL6A,0.0034602727693709722,
ACTL8,,
ACTR10,,
ACTR1A,,
ACTR1B,,
ACY1,,0.02149347104114694
ACYP1,,
ACYP2,,
ACYP2(1),,
ADA2,,
ADAM10,,
ADAM12,,
ADAM15,,
ADAM9,,
ADAMTS2,,
ADAMTS4,,
ADAMTSL1,,
ADAMTSL2,,
ADAMTSL4,1.2512656558980828e-05,
ADAP1,,
ADAR,,
ADAR(1),,
ADAT1,,
ADCK1,,
ADCY5,,
ADCY6,0.0010794540553325188,
ADD1,,
ADD1(1),,
ADGRA2,1.6721344116652392e-06,
ADGRA3,,
ADGRF5,,
ADGRG1,,
ADGRG2,,0.03744156904994159
ADGRL1,,
ADGRL2,,
ADH5,,
ADHFE1,0.0024142479809462604,
ADIPOQ,2.967716935084196e-07,
ADIRF,,
ADK,,
ADNP,,
ADO,,
ADPRHL2,,
ADSL,,
ADSS,,
AFAP1,,
AFAP1L1,,
AFAP1L2,,
AFAP1L2(1),,
AFDN,,
AFDN(1),,
AFG3L2,,0.029014056617839585
AFM,,
AFMID,,
AFTPH,,
AGAP1,,
AGAP3,,
AGAP3(1),,
AGFG2,,
AGK,,
AGL,,
AGO1,,
AGO2,,
AGO3,,
AGPAT2,,
AGPAT5,,
AGPS,,
AGR2,,
AGR3,,
AGRN,,
AGT,,
AGTPBP1,,
AGTRAP,,
AGTRAP(1),,
AHCY,,
AHCYL1,,
AHCYL2,,
AHR,,
AHSA1,,
AHSG,,
AIDA,,
AIMP1,,
AIMP2,,
AIMP2(1),,
AIP,,
AJUBA,,
AK1,0.00015588072831785132,
AK2,,
AK3,,
AK4,,
AK6,,
AKAP7,,
AKAP8,,
AKAP9,,
AKNA,,
AKR1B1,,
AKR7A2,,
AKR7A3,,
AKT2,,
ALB,4.908359194980419e-05,
ALCAM,,
ALDH18A1,,
ALDH18A1(1),,
ALDH1A1,1.3635218139576124e-10,
ALDH1A2,9.247688414564203e-06,
ALDH1L1,,
ALDH2,,
ALDH2(1),,
ALDH3A1,,0.008386054748961879
ALDH3A2,,
ALDH3B1,,
ALDH4A1,,
ALDH6A1,,
ALDH6A1(1),,
ALDH7A1,,
ALDH9A1,,
ALDOA,,
ALDOA(1),,
ALDOC,,
ALG1,,
ALG10,,
ALG11,,
ALG13,,
ALG5,,
ALG8,,
ALG9,,
ALKBH4,,
ALKBH5,,
ALKBH7,,
ALMS1,,
ALOX15,,
ALOX15B,0.00027310895787556016,
ALOX5,,
ALOX5AP,,
ALPK1,,
ALPK2,,
ALPL,,
ALPP,,
ALPPL2,,
ALS2,,
AMACR,,
AMBP,0.0006638046008082901,
AMDHD2,,
AMN1,,
AMOT,,
AMPD1,,
AMPD3,,
AMPH,9.247688414564203e-06,
AMT,,
AMY1A,,
AMZ2,,
ANAPC4,,
ANAPC5,,
ANAPC7,,
ANG,,
ANGEL2,,
ANGPT2,,
ANGPTL1,,
ANGPTL2,0.0016459222356410988,
ANK1,4.4702591743584566e-05,
ANK1(1),4.4702591743584566e-05,
ANK3,,
ANK3(1),,
ANKAR,6.36667457846241e-06,
ANKFY1,,
ANKH,,
ANKHD1,,
ANKHD1(1),,
ANKHD1-EIF4EBP3,,
ANKIB1,,
ANKLE2,,
ANKMY2,,
ANKRD10,,
ANKRD11,,
ANKRD16,,
ANKRD17,,
ANKRD2,,
ANKRD27,,
ANKRD35,,
ANKRD44,,
ANKRD54,,
ANKS3,,
ANKZF1,,
ANO1,,
ANO10,,
ANO8,,
ANOS1,,
ANP32A,,
ANPEP,,
ANXA11,,
ANXA13,,
ANXA2,,
ANXA3,,
ANXA7,,
ANXA8,0.00015588072831785132,
ANXA8L1,0.00015588072831785132,
ANXA9,,0.008034257922463983
AOC1,,
AOX1,7.955910684367475e-06,
AP1AR,,
AP1B1,,
AP1B1(1),,
AP1G1,,
AP1G2,,
AP1M1,,
AP1M2,,
AP1M2(1),,
AP1S1,,
AP1S3,,
AP2B1,,
AP2S1,,
AP3B1,,
AP3B2,,
AP3D1,,
AP3D1(1),,
AP3M1,,
AP3M2,,
AP3S1,,
AP3S1(1),,
AP4M1,,
AP5B1,,
AP5M1,,
AP5Z1,,
APAF1,,
APBA1,,
APBA3,,
APBB1IP,,
APC,,
APCS,4.548957783325073e-08,
APEH,,
APEX1,,
APH1A,,
APLP2,,
APMAP,,
APOA1,,
APOA4,,
APOB,0.00021412542691033907,
APOBEC3A,,
APOBEC3B,,
APOBEC3C,,
APOBEC3G,,
APOBR,,
APOC2,4.4702591743584566e-05,
APOC4,0.0004576636315086509,
APOD,2.749291864056335e-07,
APOE,0.0016459222356410988,
APOF,0.00015588072831785132,
APOH,,
APOL1,1.1014972175758624e-05,
APOL2,,
APOM,,
APOO,,
APOOL,,
APP,,
APRT,,
APTX,,
AQP5,,
AQR,,
ARAF,,
ARAP1,,
ARAP3,,
ARF1,,
ARF3,,
ARFGAP2,,
ARFGEF1,,
ARFGEF3,,
ARFIP1,,
ARFIP1(1),,
ARFIP2,,
ARFIP2(1),,
ARG1,5.0226746352351196e-08,
ARHGAP10,9.247688414564203e-06,
ARHGAP12,,
ARHGAP15,,
ARHGAP21,,
ARHGAP23,,
ARHGAP25,,
ARHGAP26,,
ARHGAP29,,
ARHGAP32,,
ARHGAP35,,
ARHGAP4,,
ARHGAP42,,
ARHGAP44,,
ARHGAP5,,
ARHGAP6,1.6721344116652392e-06,
ARHGEF1,,
ARHGEF10,,
ARHGEF11,,
ARHGEF12,,
ARHGEF16,,
ARHGEF18,,
ARHGEF2,,
ARHGEF28,,
ARHGEF3,,
ARHGEF40,,
ARHGEF5,,
ARID2,,
ARID3A,,
ARID4A,,
ARID4B,,
ARID5B,,
ARL1,,
ARL15,,
ARL2BP,,
ARL3,,
ARL4C,,
ARL5A,,
ARL5B,,
ARL6,,
ARL6IP1,,
ARL8B,,
ARMC1,,
ARMC6,,
ARMC7,,
ARMC9,,
ARMCX1,,
ARMCX2,,
ARMCX3,,
ARMT1,,
ARNT,,
ARPC1A,,
ARPC1B,,
ARPC3,,
ARPC4,,
ARPC5,,
ARPP19,4.4702591743584566e-05,
ARR3,,
ARRB2,,
ARSA,,
ARSD,,
ART4,,
ARV1,,
ARVCF,,
AS3MT,,
ASAH1,,
ASAP2,,
ASAP2(1),,
ASAP3,,
ASB9,,
ASCC3,,
ASF1B,,
ASH2L,,
ASL,,
ASMTL,,
ASNA1,,
ASNS,,0.01654283248270526
ASPH,,
ASPN,1.1672917428024444e-09,
ASPSCR1,,
ASRGL1,,
ASS1,,
ATAD1,,
ATAD2B,1.5301115990269903e-06,
ATAD3A,,
ATAD3B,,
ATAT1,,
ATE1,,
ATE1(1),,
ATF1,,
ATF2,,
ATF7,,0.014019701536215476
ATF7IP,,
ATG101,,
ATG12,,
ATG16L1,,
ATG2A,0.00021412542691033907,
ATG3,,
ATG4B,,
ATG5,,
ATG7,,
ATIC,,
ATL1,0.00021412542691033907,
ATL3,,
ATOX1,,
ATP11C,,
ATP11C(1),,
ATP13A1,,
ATP13A3,,
ATP1B1,,
ATP2A2,,
ATP2B4(1),0.00021412542691033907,
ATP2C1,,
ATP5F1,,
ATP5H,,0.014019701536215476
ATP5I,,
ATP5J2-PTCD1,,
ATP5S,,
ATP6AP1,,
ATP6AP2,,
ATP6V0A1,,
ATP6V0A2,,
ATP6V0A4,,
ATP6V0C,,
ATP6V0D1,,
ATP6V1B1,,
ATP6V1E2,,
ATP6V1F,,
ATP6V1G1,,
ATP6V1H,,
ATP7A,,
ATP8B1,,
ATP8B2,,
ATPAF2,,
ATPIF1,,
ATR,,
ATRAID,,
ATRN,,
ATRX,,
ATXN10,,
ATXN2,,
AUH,,
AUP1,,
AURKA,,
AURKB,,
AVEN,,
AVL9,,
AXIN1,,
AZGP1,1.7576408045111383e-06,
AZU1,,
B3GALNT1,,
B3GALT6,,
B3GAT3,,
B3GNT2,,
B3GNT9,,
B4GALT1,,
B4GALT4,,
B4GALT5,,
B4GAT1,,
B9D1,2.406366558380178e-05,
BABAM1,,
BACE2,,
BACH1,,
BAG2,0.00015588072831785132,
BAG3,1.6721344116652392e-06,
BAG4,,
BAG5,,
BAG6,,
BAIAP2L1,,
BANF1,,
BANP,,
BAP1,,
BASP1,,
BAZ1B,,
BAZ2B,,
BBOX1,,
BBS9,,
BBX,,
BCAM,,
BCAP29,2.967716935084196e-07,
BCAP31,,
BCAR1,,
BCAR3,,
BCAT1,,
BCAT1(1),,
BCAT2,,
BCHE,1.1533122009724758e-09,
BCKDHB,,0.0043633514100748965
BCKDHB(1),,
BCL10,,
BCL11A,,
BCL2L1,,
BCL2L13,,
BCL2L14,,
BCL2L2-PABPN1,,
BCL7A,,
BCL9L,,
BDH1,,
BDH2,,
BEND3,,
BET1L,,
BGN,,
BHLHE41,,
BICD2,,
BIRC5,,
BIRC6,,
BLM,,
BLMH,,
BLOC1S1,,
BLOC1S2,,
BLOC1S5,,
BLVRA,,
BLVRB,0.00021412542691033907,
BMP1,,
BMP7,,
BMPR2,,
BMS1,,
BNC2,,
BNIP1,,
BNIP3,,
BNIP3L,,
BOLA2,,
BORCS5,,
BPGM,0.00039614281178972473,
BPHL,,0.011397892454071518
BPI,0.0006638046008082901,
BPNT1,,
BPNT1(1),,
BRAF,,
BRAP,,
BRAT1,,
BRCC3,,
BRD1,,
BRD3,,
BRD4,,
BRD7,,
BRD8,,
BRF1,0.0008708882515707048,
BRF2,,
BRI3,,
BRIX1,,
BRMS1,,
BRMS1L,,
BROX,,
BRPF1,,
BRPF1(1),,
BRPF3,,
BRWD1,,
BSDC1,,
BSPRY,,
BST1,,
BTBD2,,
BTD,1.7576408045111383e-06,
BTF3L4,,
BTN3A2,,
BUD31,,
BYSL,,
BZW2,,
C10orf35,,
C11orf52,,
C11orf54,,
C11orf58,,
C11orf96,1.1672917428024444e-09,
C12orf29,,
C12orf43,,0.01654283248270526
C12orf45,,
C12orf75,1.1074965823583345e-07,
C14orf159,,
C15orf38-AP3S2,,
C15orf39,,
C15orf52,,
C16orf58,,
C16orf62,,
C16orf70,,
C16orf91,,
C17orf49,,
C17orf49(1),,
C17orf58,1.0348191958904001e-05,
C17orf62,,
C17orf75,,
C17orf97,,
C18orf21,,
C18orf32,,
C18orf8,,
C19orf12,,
C19orf25,,
C19orf53,,
C19orf54,,
C19orf66,,
C19orf70,,
C1D,,
C1GALT1,,
C1GALT1C1,,
C1QA,,
C1QB,,
C1QBP,,0.014726277545367475
C1QC,,
C1QTNF3,,
C1QTNF5,,
C1R,,
C1RL,,
C1orf109,,
C1orf116,,
C1orf122,,
C1orf226,,
C1orf43,,
C1orf50,,
C20orf24,,
C20orf27,0.0006638046008082901,
C2CD2L,,
C2CD3,,
C2CD5,,0.01654283248270526
C2orf49,,
C2orf54,,
C2orf69,,
C2orf76,,
C2orf88,,
C3,2.749291864056335e-07,
C3orf58,,
C4A,0.00021412542691033907,
C4B,0.00021412542691033907,
C4BPA,,
C4BPB,,
C4BPB(1),,
C4orf3,,
C4orf33,,
C5,,
C5AR1,,
C5orf15,,
C5orf22,,
C5orf24,,
C6,,
C6orf106,,
C6orf136,,
C6orf89,,
C7,,
C7orf26,,
C7orf50,,
C8A,,
C8B,,
C8G,0.0008708882515707048,
C8orf33,,
C8orf59,,
C8orf82,,
C9,,
C9orf72,,
C9orf78,,
CA12,,
CA13,,
CA2,0.0006638046008082901,
CA3,,
CA4,,
CA8,,
CA9,,
CAB39,,
CAB39L,3.558423661914422e-05,
CABIN1,,
CABLES1,,
CACNA2D1,,
CACNA2D2,,
CACTIN,,
CACYBP,,
CAD,,0.01654283248270526
CADM1,,
CADM3,,
CADM4,,
CADPS,,
CADPS2,,
CALCOCO1,,
CALR,,
CALU,,
CALU(1),,
CAMK1D,,
CAMK2G,3.558423661914422e-05,
CAMK2G(1),0.00015588072831785132,
CAMKK1,,
CAMKMT,,
CAMP,,
CAMSAP3,,
CAND1,,
CAND2,,
CANT1,,
CANX,,
CAP1,,
CAP1(1),,
CAP2,9.247688414564203e-06,
CAPG,,
CAPN1,,
CAPN15,,
CAPN5,,
CAPN6,,
CAPN7,,
CAPNS2,,
CAPS,,
CAPZA1,,
CARD16,,
CARM1,,
CARMIL1,,
CARMIL1(1),,
CARS,,
CARS2,,
CASC4,,
CASC4(1),,
CASK,,
CASK(1),,
CASP1,,
CASP4,,
CASP7,,
CASP8,,
CASP9,,
CASQ1,,
CAST,,
CASTOR2,,
CAT,9.377850698921178e-05,
CAV1,2.967716935084196e-07,
CAV1(1),1.7576408045111383e-06,
CAV2,9.247688414564203e-06,
CAV3,1.6721344116652392e-06,
CAVIN1,7.462204538435088e-09,
CAVIN2,1.3086186277632908e-11,
CAVIN3,4.4702591743584566e-05,
CBFA2T2,,
CBLB,,
CBR3,3.558423661914422e-05,
CBR4,,
CBS,,
CBX1,,
CBX2,,
CBX5,,
CBX8,,
CC2D1A,,
CCAR2,,
CCDC102A,,
CCDC115,,
CCDC117,,
CCDC12,,
CCDC120,,
CCDC124,,
CCDC126,,
CCDC127,,0.014019701536215476
CCDC130,,
CCDC134,,
CCDC14,,
CCDC28A,,
CCDC43,,
CCDC47,,
CCDC50,0.0016459222356410988,
CCDC50(1),0.0006638046008082901,
CCDC59,,
CCDC71,,
CCDC77,,
CCDC80,,
CCDC82,,
CCDC88A,,
CCDC88B,0.0016459222356410988,
CCDC88C,,
CCDC90B,,
CCDC91,,
CCDC92,,
CCDC97,,
CCL20,,
CCNA2,,
CCND2,,
CCNE1,,
CCNY,,
CCNYL1,,
CCPG1,,
CCT2,,
CCT2(1),,
CCT3,,
CCT4,,
CCT5,,
CCT6A,,
CCT7,,
CCT8,,
CCZ1,,
CD109,,
CD14,,
CD177,,
CD209,4.4702591743584566e-05,
CD248,1.6721344116652392e-06,
CD2AP,,
CD320,,
CD34,1.3086186277632908e-11,
CD3EAP,,
CD44,3.558423661914422e-05,
CD46,,
CD46(1),,
CD47,,
CD48,,
CD55,,
CD58,4.4702591743584566e-05,
CD59,,
CD5L,,
CD63,,
CD74,,
CD74(1),,
CD81,4.548957783325073e-08,
CD84,,
CD9,,
CD93,0.00015588072831785132,
CD99L2,1.7576408045111383e-06,
CDA,,
CDAN1,,
CDC123,,
CDC16,,
CDC23,,
CDC25C,,
CDC26,,
CDC27,,
CDC27(1),,
CDC37,,
CDC42(1),,
CDC42BPA,,
CDC42EP1,,
CDC42EP2,9.247688414564203e-06,
CDC42EP3,,
CDC73,,
CDCA2,,
CDCA3,,
CDCA7L,,
CDCA8,,
CDH1,,
CDH10,,
CDH13,7.362820486290059e-14,
CDH2,,0.008034257922463983
CDH3,,
CDH5,5.0226746352351196e-08,
CDH6,,
CDK11A,,
CDK19,,
CDK3,,
CDK5,,
CDK5RAP2,,
CDK5RAP3,,
CDK6,,
CDK7,,
CDK8,,
CDKAL1,,
CDKN1A,,
CDKN2AIP,,
CDKN2C,0.00021412542691033907,
CDS2,,
CDV3,,
CDV3(1),,
CDYL,,
CEACAM8,9.467914635626738e-05,
CEBPA,,
CELF1,,
CELSR1,,
CEMIP,,
CENPB,,
CENPC,,
CENPF,,
CENPI,,
CEP128,,
CEP131,,
CEP135,1.7576408045111383e-06,
CEP170,,
CEP41,,
CEP55,,
CEP68,,
CEP78,,
CEP97,,
CEPT1,,
CERS4,,
CERS6,,
CES2,3.558423661914422e-05,
CETN2,0.0006638046008082901,
CETP,1.6132895538415527e-07,
CFAP20,,
CFB,,
CFD,7.955910684367475e-06,
CFDP1,,
CFH,,
CFHR1,,
CFHR2,,
CFHR3,4.4702591743584566e-05,
CFHR4,0.0006638046008082901,
CFI,,
CFP,,
CGGBP1,,
CGNL1,,
CHAF1A,,
CHAF1B,,
CHCHD10,,
CHCHD2,,
CHCHD3,,
CHCHD6,,
CHCHD7,,
CHD1,,
CHD4,,
CHD7,,
CHD8,,
CHD9,,
CHEK1,,
CHEK2,,
CHGA,,
CHGB,,
CHI3L1,,
CHID1,,
CHKB,,
CHL1,,
CHM,,
CHML,,
CHMP1A,,
CHMP1B,,
CHMP2A,,
CHMP2B,,
CHMP3,,
CHMP4A,,
CHMP4B,,
CHMP4C,,
CHMP7,,
CHN1,,
CHORDC1,,
CHPF,,
CHPF2,,
CHRDL1,,
CHST11,,
CHST14,,
CHST4,,
CHSY1,,
CHSY3,,
CHURC1,,
CHURC1(1),,
CIAO1,,
CIAPIN1,,
CIB1,,
CILP,,
CILP2,,
CIRBP,,
CISD1,,
CISD2,,
CISD3,,
CIT,,
CIZ1,,
CKAP2,,
CKB,0.00015588072831785132,
CKM,0.006522580258607845,
CKMT2,0.0034602727693709722,
CKS2,,
CLASP2,,
CLASRP,,
CLCC1,,
CLCN3,,
CLDN11,,
CLDN16,,
CLDN4,,
CLDN7,,
CLEC11A,,
CLEC14A,,
CLEC3B,,
CLIC3,0.027661891430895896,
CLIC5,,
CLIC6,,
CLINT1,,
CLINT1(1),,
CLIP1,2.76822251883333e-07,
CLK3,,
CLMN,,
CLN3,,
CLN5,,
CLNS1A,,
CLPB,,
CLPP,,
CLPTM1,,
CLPTM1L,,
CLSTN1,,
CLSTN2,,
CLSTN3,,
CLTA,,
CLTB(1),,
CLTC,,
CLTCL1,,
CLU,,
CLUH,,
CLYBL,,
CMAS,,
CMC2,,
CMC4,,
CMPK1,,
CMPK2,,
CMSS1,,
CMTR1,,
CMTR2,,
CNBP,,
CNDP2,,
CNKSR1,,
CNN1,1.3635218139576124e-10,
CNNM3,,
CNOT1,,
CNOT1(1),,
CNOT10,,
CNOT11,,
CNOT2,,
CNOT3,,
CNOT4,,
CNOT6,,
CNOT6L,,
CNOT7,,
CNOT8,,
CNOT9,,
CNPY3,,
CNST,,
CNTFR,8.237144485795288e-05,
CNTN1,,
CNTNAP1,5.335560277520302e-05,
CNTRL,,
CNTROB,,
COA4,,
COA5,,
COA6,,
COA7,,
COASY,,
COBLL1,0.0034602727693709722,
COG1,,
COG2,,
COG3,,
COG4,,
COG5,,
COG6,,
COG7,,
COG8,,
COIL,,
COL12A1,,
COL15A1,1.1533122009724758e-09,
COL18A1,,
COL1A1,9.247688414564203e-06,
COL1A2,0.00021412542691033907,
COL21A1,1.0720073458456968e-05,
COL22A1,,
COL3A1,4.4702591743584566e-05,
COL4A1,7.2878964250216235e-09,
COL4A2,4.548957783325073e-08,
COL4A3,9.247688414564203e-06,
COL4A3BP,,0.04742306453728053
COL4A5,1.5374274404905602e-07,
COL4A6,1.7576408045111383e-06,
COL6A1,0.0006638046008082901,
COL6A2,9.281883457726773e-06,
COL6A2(1),3.558423661914422e-05,
COL6A3,3.558423661914422e-05,
COL6A3(1),7.955910684367475e-06,
COL8A1,,
COLEC11,,
COLEC12,,
COLGALT1,,
COMMD1,,
COMMD10,,
COMMD4,,
COMMD5,,
COMMD6,,
COMMD6(1),,
COMMD8,,
COMMD9,,
COMT,,
COMTD1,,
COPB2,,
COPE,,
COPG2,,
COPS2,,
COPS2(1),,
COPS3,0.0006638046008082901,
COPS7A,0.00021412542691033907,
COPS7B,,
COPZ1,,
COQ3,,
COQ7,,
COQ8A,,
COQ8B,,
COQ9,,
CORO1A,,
CORO2B,,
COX15,,
COX19,,
COX20,,
COX4I1,,
COX5B,,
COX6A1,,
COX6B1,,
COX6C,,
COX7A2,,
COX7A2L,,
CP,,
CPA3,7.462204538435088e-09,
CPAMD8,,
CPB2,,
CPD,,
CPE,,
CPLX2,,
CPM,,
CPN1,1.7576408045111383e-06,
CPN2,4.3706152750270924e-08,
CPNE1,,
CPNE3,,
CPOX,,
CPSF6,,
CPSF7,,
CPT1A,,
CPT1B,,
CPT2,,
CRABP1,,
CRACR2A,,
CRB2,,
CRCP,,
CREB1,,
CREBBP,,
CREG1,,
CRELD1,,
CRELD2,,
CREM,,
CRIM1,,
CRIP1,,
CRIP2,,
CRISP3,0.0006638046008082901,
CRK,,
CRK(1),,
CRMP1,,
CRNKL1,,
CROCC,0.0016459222356410988,
CROT,,
CRTAC1,,
CRTC1,,
CRTC2,,
CRYAB,,
CRYBG1,,
CRYBG3,,
CRYL1,,
CRYM,,
CRYZ,,
CRYZL1,,
CS,,
CSDE1,,
CSF1,,
CSF1R,,
CSGALNACT2,,
CSNK1D,,
CSNK1E,,
CSNK2A2,,
CSNK2A3,,
CSPG4,2.3523117436743422e-08,
CSRP1,2.76822251883333e-07,
CSRP3,9.247688414564203e-06,
CST1,,
CST3,,
CST4,,
CST6,,
CSTB,,
CT45A1,,
CT45A2,,
CTAGE5,,
CTBP1,,
CTC1,,
CTDSP2,,
CTDSPL,,
CTDSPL2,,
CTGF,,
CTH,,
CTIF,,
CTNNA1,,
CTNNA2,,
CTNNB1,,
CTNNBIP1,,
CTNNBL1,,
CTNND1,,
CTNND1(1),,
CTNND2,,
CTPS1,,
CTPS2,,
CTR9,,
CTSA,,
CTSD,,
CTSF,,
CTSG,2.1337641685526982e-05,
CTSK,,
CTSL,,
CTSS,,
CTSZ,,
CTTNBP2,,
CTU2,,
CUEDC2,,
CUL1,,
CUL2,,
CUL3,,
CUL4A,,
CUL4B,,
CUTA,,
CUTC,,
CUX1,,
CUX1(1),,
CWC22,,
CWF19L1,,
CXCL12,4.664573084695426e-06,
CXCL14,,
CXCL16,,
CXCR4,,
CXorf38,,
CXorf56,,
CYB561,,
CYB5A,0.0006638046008082901,
CYB5B,,
CYB5R1,,
CYB5R2,,
CYB5R4,,
CYBA,,
CYBB,,
CYC1,,
CYCS,,
CYFIP1,,
CYGB,,
CYP11A1,,
CYP20A1,,
CYP2S1,,
CYP2U1,,
CYP4B1,,
CYP4F11,,
CYP4F3,,
CYP4X1,,
CYP51A1,,
CYR61,,
D2HGDH,,
DACH1,,
DACH2,,
DAD1,,
DAG1,0.0006638046008082901,
DAGLB,,
DAP3,,
DAPK1,,
DAPK2,,
DAPK3,,
DAPL1,,0.036384164610806416
DARS,,
DARS2,,
DAXX,,
DAZAP1,,
DBI(1),,
DBN1,,
DBNL,,
DBNL(1),,
DBT,,
DCAF5,,
DCAF6,,
DCAF8,,
DCAKD,,
DCDC2,,
DCK,,
DCLK2,,
DCN,1.6721344116652392e-06,
DCN(1),1.6721344116652392e-06,
DCP1B,,
DCPS,,
DCTD,,
DCTN4,,
DCTN6,,
DCTPP1,,
DCUN1D1,,
DCUN1D1(1),,
DCUN1D3,0.00039614281178972473,
DCUN1D4,,
DCXR,,0.01654283248270526
DDA1,,
DDAH2,,
DDB1,,
DDB2,,
DDC,,
DDHD1,,
DDHD2,,
DDOST,,
DDR1,,
DDRGK1,,
DDT,,
DDX1,,
DDX10,,
DDX19A,,
DDX19A(1),,
DDX19B,,
DDX20,,
DDX21,,
DDX24,,
DDX28,,
DDX39B,,
DDX4,,
DDX41,,
DDX47,,
DDX49,,
DDX51,,
DDX52,,
DDX58,,
DDX6,,
DDX60,,
DECR1,,
DEFA1B,0.0034602727693709722,
DEFA5,,
DEFA6,,
DEFB1,,
DEGS1,,
DEK,,
DENND1A,,
DENND1C,,
DENND4A,,
DENND5B,,
DENND6A,,
DENR,,
DEPTOR,,
DERL2,,
DERL3,,
DES,4.548957783325073e-08,
DESI2,,
DFFA,,
DFFA(1),,
DFFB,,
DGKA,,
DGUOK,,
DHCR7,,
DHODH,,
DHRS2,,
DHRS3,,
DHRS4,,
DHRS4L2,,
DHRS7B,,
DHRS9,,
DHTKD1,,0.029014056617839585
DHX15,,
DHX29,,
DHX30,,
DHX32,,
DHX33,,
DHX34,,
DHX35,,
DHX36,,
DHX37,,
DHX38,,
DHX40,,
DHX57,,
DHX8,,
DHX9,,
DIAPH1,,
DIAPH2,,
DIAPH2(1),,
DICER1,,
DIDO1,,
DIMT1,,
DIP2A,,
DIRC2,,
DIS3L2,,
DKC1,,
DKK3,0.00015588072831785132,
DKK4,,
DLAT,,
DLG1,,
DLG1(1),,
DLG1(2),,
DLG3,,
DLG5,,
DLGAP1,,
DLGAP4,,
DLST,,
DMAC1,,
DMBT1,,
DMD,6.01814190450272e-15,
DMKN,,
DMKN(1),,
DMTN,4.664573084695426e-06,
DMTN(1),7.955910684367475e-06,
DMXL2,0.0006638046008082901,
DNA2,,
DNAAF2,,
DNAH14,,
DNAJB1,,
DNAJB11,,
DNAJB2,9.247688414564203e-06,
DNAJB6,0.00021412542691033907,
DNAJC10,,
DNAJC11,,
DNAJC14,,
DNAJC16,,
DNAJC17,,
DNAJC19,,0.0043633514100748965
DNAJC2,,
DNAJC21,,
DNAJC25,,
DNAJC3,,
DNAJC30,,
DNAJC5,,
DNAJC7,,
DNAJC8,,
DNAJC9,,
DNAL1,,
DNASE1L1,1.8337035613519648e-05,
DNASE2,,
DNLZ,,
DNM1L,,
DNM1L(1),,
DNM1L(2),,
DNM2,,
DNM2(1),,
DNM3,,
DNMBP,7.462204538435088e-09,
DNMT1,,
DNMT1(1),,
DNMT3A,,
DNPEP,,
DNPEP(1),,
DNTTIP1,,
DNTTIP2,,
DOCK10,,
DOCK5,,
DOCK6,,
DOCK9,,
DOK1,,
DOK3,,
DOLPP1,,
DOPEY2,,
DPEP1,,
DPEP3,,
DPF2,,
DPH1,,
DPH5,,
DPM3,,
DPP3,,
DPP4,,
DPP8,0.00015588072831785132,
DPT,1.1533122009724758e-09,
DPY19L1,,
DPY19L3,,
DPYD,,
DPYSL2,,
DPYSL2(1),,
DPYSL3,,
DPYSL5,,
DRAP1,,
DRG1,,
DSC2,,
DSC3,,
DSCR3,,
DSE,,
DSE(1),,
DSG2,,
DSN1,,
DST,0.0006638046008082901,
DSTYK,,
DTD2,,
DTNA,4.3706152750270924e-08,
DTNA(1),4.3706152750270924e-08,
DTNB,4.4702591743584566e-05,
DTNBP1,,
DTNBP1(1),,
DTWD2,,
DTX2,,
DTX3L,,
DTYMK,,
DUS2,,
DUSP23,,
DUT,,
DUT(1),,
DVL2,,
DYM,,
DYNC1H1,,
DYNC1I1,0.00039614281178972473,
DYNC1I2,,
DYNC1I2(1),,
DYNC1LI1,,
DYNC1LI2,,
DYNC2H1,,
DYNLL2,,
DYNLT1,,
DYNLT3,,
DYSF,,
E2F5,,
EAPP,,
EARS2,,0.014019701536215476
EBAG9,,
EBP,,
ECD,,
ECH1,,
ECHDC1,,
ECHDC2,0.006522580258607845,
ECHDC3,,
ECHS1,,
ECI1,,
ECI2,,
ECM1,,
ECM2,,
ECSIT,,
EDC3,,
EDF1,,
EDRF1,,
EED,,
EEF1A1,,
EEF1A2,,
EEF1AKMT1,,
EEF1AKMT2,,
EEF1D,,
EEF1D(1),,
EEF1G,,
EEPD1,,
EFCAB7,,
EFEMP1,,
EFEMP2,,
EFHD1,,
EFHD2,,
EFL1,,
EFNA1,,
EFNA5,,
EFNB1,,
EFNB2,,
EFS,,
EGFL7,,
EGFLAM,,
EGLN1,,
EHBP1,7.41592146431765e-09,
EHBP1L1,7.41592146431765e-09,
EHD1,4.3706152750270924e-08,
EHD2,5.0226746352351196e-08,
EHD3,7.462204538435088e-09,
EHD4,4.548957783325073e-08,
EHHADH,,
EHMT1,,
EHMT2,,
EI24,,
EIF2A,,
EIF2AK1,,
EIF2B1,,
EIF2B4,,
EIF2S2,,
EIF2S3,,
EIF3A,,
EIF3C,,
EIF3D,,
EIF3F,,
EIF3G,,
EIF3I,,
EIF3J,,
EIF4A2,,
EIF4B,,
EIF4E2(1),,
EIF4EBP2,,
EIF4EBP3,,
EIF4ENIF1,,
EIF4G2,,
EIF4G2(1),,
EIF4G3,,
EIF4H,,
EIF4H(1),,
EIF5,,
EIF5A,,
EIF5B,,
EIF6,,
EIPR1,9.281883457726773e-06,
ELAC1,,
ELAC2,,
ELANE,,
ELF1,,
ELF2,,
ELF3,,
ELK1,,
ELL,,
ELMO2,,
ELMO3,,
ELN,1.7576408045111383e-06,
ELN(1),1.7576408045111383e-06,
ELN(2),4.4702591743584566e-05,
ELOA,,
ELOF1,,
ELOVL1,,
ELOVL5,,
ELP1,,
ELP2,,
ELP3,,
ELP3(1),,
EMC1,,
EMC10,,
EMC2,,
EMC3,,
EMC4,,
EMC7,,
EMC8,,
EMC9,,
EMD,,
EMG1,,
EMILIN1,,
EMILIN2,,
EMILIN3,,
EML2,,
EML3,,
EML4,,
EMP1,0.00033379159768365783,
EMSY,,
ENAH,,
ENAH(1),,
ENG,,
ENGASE,,
ENO1,,
ENO1(1),,
ENO2,,
ENO3,,
ENOPH1,,
ENPEP,,
ENPP2,,
ENPP3,,
ENPP6,,
ENPP7,,
ENTPD1,4.4702591743584566e-05,
ENTPD1(1),9.247688414564203e-06,
ENTPD2,,
ENTPD3,,
ENTPD6,,
EP300,,
EPB41,9.377850698921178e-05,
EPB41L1,,
EPB41L1(1),,
EPB41L1(2),,
EPB41L3,,
EPB41L5,,
EPB42,0.00021412542691033907,
EPC2,,
EPG5,,
EPHA2,,
EPHA4,,
EPHA7,,
EPHB1,,
EPHB2,,
EPHB3,,
EPHB4,,
EPHX1,,
EPHX2,,
EPHX2(1),,
EPM2A,0.0028199900526986823,
EPM2AIP1,,
EPN1,,
EPN2,,
EPPK1,,
EPRS,,
EPS15,,
EPS15L1,,
EPS15L1(1),,
EPS8,,
EPS8L2,,
EPX,,
ERAL1,,0.011397892454071518
ERAP1,,
ERBB2,,
ERBB3,,
ERBB4,,
ERC1,,
ERC2,,
ERCC6(1),,
ERF,,
ERG,,
ERG28,,
ERGIC1,,
ERGIC2,,
ERGIC3,,
ERI1,,
ERI3,,
ERLIN2,,
ERMP1,,
ERO1A,,
ERO1B,,
ERP29,,
ERP44,,
ERVMER34-1,,
ESF1,,
ESPN,,
ESR1,,
ESYT2,,
ETF1,,
ETFA,,
ETFB,,
ETFDH,,
ETFRF1,,
ETHE1,,
ETNK1,,
ETV6,,
EVA1C,,
EVI2B,,
EVI5L,,
EVPL,,
EWSR1,,
EXD2,,
EXOC1,,
EXOC1(1),,
EXOC2,,
EXOC3,,
EXOC4,,
EXOC5,,
EXOC6B,0.00015588072831785132,
EXOC7,,
EXOC7(1),,
EXOC8,,
EXOG,,
EXOSC1,,
EXOSC10,,
EXOSC5,,
EXOSC6,,
EXOSC7,,
EXOSC8,,
EXOSC9,,
EXT1,,
EXT2,,
EXTL2,,
EXTL3,,
EYA2,,
EYA3,,
EZH1,,
EZH2,,
EZR,,
F10,,
F11,,
F11R,,0.02149347104114694
F12,,
F13A1,0.00021412542691033907,
F13B,,
F2,,
F5,4.664573084695426e-06,
F7,,
F8,,
F8A1,,
F9,,
FABP4,,
FABP5,,
FABP6,,
FADS1,,
FADS3,,
FAF2,,
FAH,,
FAHD1,,0.03744156904994159
FAM107A,,0.011397892454071518
FAM110B,,
FAM110C,,
FAM111A,,
FAM114A2,,
FAM118B,,
FAM118B(1),,
FAM120B,,
FAM122B,,
FAM126B,,0.01654283248270526
FAM133A,,
FAM133B,,
FAM160A1,,
FAM160B1,,
FAM160B2,,
FAM162A,,
FAM168A,,
FAM169A,,
FAM171A1,,
FAM171A2,,
FAM172A,,
FAM177A1,,
FAM192A,,
FAM193A,,
FAM208A,,
FAM208B,,
FAM210B,,
FAM213A,,
FAM213B,,
FAM221A,0.0025691175260979695,
FAM234A,,
FAM32A,,
FAM3C,,
FAM50A,,
FAM83B,,
FAM83D,,
FAM83H,0.006522580258607845,
FAM8A1,0.0034602727693709722,
FAM96B,,
FAM98A,,
FAM98A(1),,
FANCD2,,
FANCI,,
FARP1,,
FARS2,,
FARSA,,
FARSB,,
FAS,,
FASN,0.0006638046008082901,
FASTKD5,,
FAT1,,
FBL,,
FBLIM1,,
FBLN2,,
FBLN2(1),,
FBLN5,0.0016459222356410988,
FBLN7,1.3704854080066508e-05,
FBN2,,
FBN3,,
FBP1,,
FBP2,,
FBXL12,,
FBXL2,,
FBXO11,,
FBXO17,,
FBXO2,,
FBXO21,,
FBXO22,,
FBXO3,0.0006638046008082901,
FBXO38,,
FBXO44,,
FBXO7,,
FBXW9,,
FCER1G,,
FCGBP,,
FCGR2B,,
FCGR3A,,
FCGR3B,,
FCHO2,,
FCHSD2,,
FDFT1,,
FDPS,,
FDX1,,
FDX2,,
FDXR,,
FDXR(1),,
FEM1B,0.0036716862916626293,
FER,,
FERMT2,4.4702591743584566e-05,
FERMT3,,
FES,,
FGD3,,
FGD4,,
FGD5,,
FGF2,4.4702591743584566e-05,
FGF20,,
FGF4,,
FGFBP1,,
FGFR1,,
FGFR1OP,,
FGFR1OP2,,
FGFRL1,,
FGGY,,
FGL2,,
FH,,
FHAD1,,
FHIT,,0.0043633514100748965
FHL1,4.548957783325073e-08,
FHL2,,
FHL3,,
FHL5,,
FHOD1,,
FIBIN,,
FIBP,,
FILIP1,,
FITM2,,
FIZ1,,
FKBP10,,
FKBP11(1),,
FKBP15,,
FKBP1A,,
FKBP2,,
FKBP4,,
FKBP5,,
FKBP7,,
FKBP8(1),,
FLAD1,,
FLG,,
FLNA,2.76822251883333e-07,
FLNA(1),2.76822251883333e-07,
FLNC,4.548957783325073e-08,
FLOT1,,
FLOT2,,
FLRT2,9.247688414564203e-06,
FLRT3,,
FLT1,,
FLYWCH2,,
FMC1,,
FMN1,3.1832623976697666e-05,
FMNL1,,
FMNL2,,
FMOD,,
FMR1,,
FMR1(1),,
FN1,,
FN1(1),,
FN1(2),,
FN3K,,
FNBP1L,0.00021412542691033907,
FNDC3A,,
FOLH1,,
FOLR1,,
FOLR3,,
FOXJ3,,
FOXO3,,
FOXO4,,
FOXO6,,
FOXP4,,
FOXP4(1),,
FRA10AC1,,
FREM2,,
FRG1,,
FRK,,
FRMD4B,,
FRS2,,
FRZB,,
FSCN1,,
FSD1,,
FSD1L,,
FST,,
FSTL1,,
FTH1,,
FTL,,
FTO,,
FTSJ1,,
FTSJ3,,
FUCA1,,
FUCA2,,
FUK,,
FUNDC2,,
FUOM,,
FUS,,0.008034257922463983
FUT11,,
FUT3,,
FUT8,,
FXN,,
FYTTD1,,
FZD2,,
FZD6,,
G6PC3,,
GAA,,
GAB1,0.00014408222898542483,
GAB2,,
GABARAP,,
GABARAPL2,,
GAK,,
GAL3ST4,9.377850698921178e-05,
GALC,,
GALE,,
GALK2,,
GALM,,
GALNS,,
GALNT10,,
GALNT11,,
GALNT12,,
GALNT14,,
GALNT16,,
GALNT17,,
GALNT2,,
GALNT3,,
GALNT6,,
GALNT7,,
GALT,,
GAMT,,
GAN,,
GANAB,,
GANAB(1),,
GAPDH,,
GAPDH(1),,
GAPDHS,,
GAR1,,
GARS,,
GART,,
GAS6,,
GATAD1,,
GATAD2A,,
GATAD2B,,
GATC,,
GBA,,
GBA2,,
GBE1,,
GBF1,,
GBF1(1),,
GBP4,,
GBP5,,
GBP6,,
GBP7,,
GC,,
GCC1,,
GCC2,,
GCDH,,0.0038782277406425275
GCHFR,,
GCLM,,
GCN1,,
GCSH,,
GDA,,
GDAP1,,
GDAP2,,
GDF15,,
GDI2,,
GDPD1,,
GDPD3,,
GEMIN2,,
GEMIN5,,
GEMIN6,,
GEMIN8,,
GET4,,
GFM2,,
GFPT1,,
GFRA1,,
GGA1,,
GGA2,,
GGACT,,
GGCT,,
GGCX,,
GGH,,
GGNBP2,,
GGPS1,,
GGT1,,
GGT5,,
GGT7,,
GHDC,,
GHITM,,
GID8,,
GIGYF2,,
GIMAP2,,
GINS2,,
GINS3,,
GINS4,,
GIPC1,,
GK,,
GK2,,
GKAP1,,
GLA,,
GLCCI1,,
GLCE,,
GLE1,,
GLG1,,
GLIPR2,9.281883457726773e-06,
GLOD4,,
GLRX,,
GLRX3,,
GLS,,
GLS(1),,
GLT8D1,,
GLTP,,
GLUD1,,
GLUD2,,
GLUL,,
GLYATL2,,
GLYR1,,
GLYR1(1),,
GM2A,,
GMDS,,
GMEB1,,
GMEB2,,
GMFB,,
GMFG,,
GMNN,,
GMPPA,,
GMPPB,,
GMPR,,
GMPR2,,
GNA11,,
GNA12,4.4702591743584566e-05,
GNAI1,9.247688414564203e-06,
GNAI2,9.247688414564203e-06,
GNAI3,1.6721344116652392e-06,
GNAO1,4.4702591743584566e-05,
GNAQ,,
GNAS,4.4702591743584566e-05,
GNAS(1),4.4702591743584566e-05,
GNAS(2),4.4702591743584566e-05,
GNAZ,,
GNB1,0.00039614281178972473,
GNB1L,,
GNB2,2.967716935084196e-07,
GNB3,0.00015588072831785132,
GNB4,4.4702591743584566e-05,
GNG11,7.462204538435088e-09,
GNG12,4.548957783325073e-08,
GNG2,0.00021412542691033907,
GNG4,,
GNG5,,
GNL1,,
GNL2,,
GNL3,,
GNL3L,,
GNLY,,
GNPAT,,
GNPDA1,,
GNPDA2,,
GNPDA2(1),0.0016459222356410988,
GNPNAT1,,
GNPTAB,,
GNPTG,,
GNS,,
GOLGA1,,
GOLGA2,,
GOLGA3,0.011304666592526161,
GOLGA5,,
GOLGA7,,
GOLGB1,0.0016459222356410988,
GOLGB1(1),0.0016459222356410988,
GOLIM4,,
GOLIM4(1),,
GOLM1,,
GOLPH3,,
GOLT1B,,
GOPC,,
GORAB,,
GORASP1,,
GORASP2,,
GOSR1,,
GOSR1(1),,
GOT1,,
GOT2,,
GPALPP1,,
GPAT4,,
GPATCH1,,
GPATCH11,,
GPATCH4,,
GPC6,,
GPCPD1,,
GPD1,0.00021412542691033907,
GPD1L,,
GPD2,,
GPHN,,
GPI,,
GPKOW,,
GPLD1,8.362318350430377e-06,
GPM6B,,
GPN3,,
GPNMB,,
GPR107,,
GPR108,,
GPR89A,,
GPRASP2,,
GPRC5A,,
GPRC5B,,
GPS1,,
GPS1(1),,
GPS2,,
GPSM2,,
GPT2,,0.014019701536215476
GPX1,,
GPX2,,
GPX7,,
GPX8,,
GRAMD1B,,
GRAMD4,,
GRB10,0.006522580258607845,
GREB1,,
GRHPR,,
GRIP1,,
GRIPAP1,,
GRK2,,
GRN,,
GRPEL1,,
GRPEL2,,
GRWD1,,
GSK3A,,
GSK3B,,
GSKIP,,
GSPT1,,
GSPT2,,
GSR,,
GSS,,
GSTA4,0.0021602716525293353,
GSTK1,,
GSTM2,0.0006638046008082901,
GSTM3,0.00021412542691033907,
GSTP1,,
GSTT2,,
GSTT2B,,
GSTZ1,,
GTF2A1,,
GTF2H5,,
GTF2I,,
GTF3C1,,0.01654283248270526
GTF3C3,,
GTF3C4,,
GTF3C5,,
GUCY1A2,0.00014408222898542483,
GUCY1B3,,
GUK1,,
GULP1,4.4702591743584566e-05,
GXYLT2,,
GYG2,,
GYPA,1.5301115990269903e-06,
GYS1,,
GZMM,,
H1F0,,
H1FX,,
H2AFY,,
H2AFY(1),,
H2AFY2,,
H3F3A,,
HAAO,5.0226746352351196e-08,
HABP2,,
HACD2,,
HACE1,,
HACL1,,
HADHA,,
HADHB,,
HAGH,,
HAMP,,
HAPLN1,,
HAPLN3,,
HARS,,
HARS2,,
HAT1,,
HAUS1,,
HAUS2,,
HAUS3,,
HAUS6,,
HAUS7,,
HAUS8,,
HAX1,,
HBM,0.0006638046008082901,
HBS1L(1),,
HCFC1,,
HCK,,
HCLS1,,
HDAC10,,
HDAC3,,
HDAC4,0.00039614281178972473,
HDAC6,,
HDAC7,,
HDAC8,,
HDDC2,,
HDDC3,,
HDGF,,
HDGFL2,,
HDGFL2(1),,
HDGFL3,,
HDHD3,,
HDHD5,,0.0745472053437985
HEATR1,,
HEATR3,,
HEATR5A,,
HEBP1,,
HEBP2,,
HECA,,
HECTD4,,
HELLS,,
HERC2,,
HERC4,,
HERC5,,
HERC6,,
HEXA,,
HEXB,,
HEXDC,,
HGD,,
HGFAC,0.00021412542691033907,
HGH1,,
HGS,,
HGSNAT,0.00039614281178972473,
HIBADH,,
HIBCH,,0.0043633514100748965
HID1,,
HIGD2A,,
HIKESHI,,
HINT1,,
HINT3,,
HIP1,,
HIP1R,,
HIRIP3,,
HIST1H1T,,
HIST1H3A,,
HIST1H4G,,
HIST2H3A,,
HIST3H2BB,,
HIVEP2,,
HK1,,
HK1(1),,
HK3,,
HKDC1,,
HLA-A(1),,
HLA-B,,
HLA-C,,
HLA-C(1),,
HLA-DMB,,
HLA-DPA1,,
HLA-DPB1,,
HLA-DQA1,,
HLA-DQB1,,
HLA-DQB1(1),,
HLA-DRA,,
HLA-DRB1,,
HLA-DRB1(1),,
HLA-DRB4,,
HLA-DRB5,,
HLA-F,,
HLTF,,
HMBS,,
HMCN1,,
HMG20A,,
HMGA2,,
HMGB1,,
HMGB3,,
HMGCL,,
HMGCR,,
HMGN4,,
HMGN5,,
HMGXB4,,
HMOX2,,
HMOX2(1),,
HMX3,,
HNRNPD,,
HNRNPD(1),,
HNRNPF,,
HNRNPH2,,
HNRNPH3,,
HNRNPK,,
HNRNPK(1),,
HNRNPUL1,,
HOMER2,,
HOMER3,,
HOOK1,,
HOOK2,,
HOPX,,
HOXA4,,
HOXB4,,
HOXC4,,
HP,,
HP1BP3,,
HPCAL1,,
HPDL,,
HPF1,,
HPGD,,
HPR,,
HPRT1,,
HPS3,,
HPX,7.955910684367475e-06,
HRAS,,
HRG,,
HS1BP3,,
HS2ST1,,
HS6ST1,,
HSBP1,,
HSD11B2,,
HSD17B10,,
HSD17B12,,
HSD17B2,,
HSD17B4,,
HSD17B6,,
HSD17B7,,
HSD3B7,,
HSDL1,,
HSDL2,,
HSPA12B,9.247688414564203e-06,
HSPA13,,
HSPA14,,
HSPA1A,,
HSPA1L,,
HSPA2,,
HSPA4,,0.08960486038697005
HSPA4L,,
HSPA6,,
HSPA8,,
HSPA9,,
HSPB1,,
HSPB3,,
HSPB6,2.930271752016524e-16,
HSPB7,7.462204538435088e-09,
HSPB8,4.4702591743584566e-05,
HSPBP1,,
HSPH1,,
HTATIP2,,
HTATSF1,,
HTRA1,,
HTRA2,,
HTRA3,,
HTT,,
HUWE1,,
HVCN1,,
HYI,2.967716935084196e-07,
HYOU1,,
IARS,,
IARS2,,
IBA57,,
IBTK,,
ICA1,,
ICAM1,,
ICAM2,,
ICAM3,0.0034602727693709722,
ICK,,
ICOSLG,,
IDE,,
IDH1,,
IDH2,,
IDH3A,,
IDH3B,,
IDI1,,
IDO1,,
IDUA,,
IER3IP1,,
IFI30,,
IFI44,,
IFI44L,,
IFIH1,,
IFIT1,,
IFIT2,,
IFIT3,,
IFITM1,,
IFITM3,,
IFNGR1,,
IFRD2,,
IFT22,,
IFT27,,
IFT46,,
IFT52,,
IFT57,,
IFT80,,
IFT81,,
IGBP1,,
IGF1,,
IGF2,,
IGF2BP1,,
IGF2BP3,,0.08960486038697005
IGF2R,,
IGFALS,,
IGFBP2,,
IGFBP3,,
IGFBP4,0.01817338535370717,
IGFBP5,0.0017560075087179002,
IGFBP7,,
IGFBPL1,,
IGLL1,0.00021412542691033907,
IGSF8,,
IGSF9,,
IKBKB,,
IKBKG,0.0008708882515707048,
IL17RA,,
IL18,,
IL1R1,,
IL1RN,,
IL4I1,,
ILF2,,
ILK,1.1672917428024444e-09,
ILKAP,,
ILVBL,,
IMMT,,
IMMT(1),,
IMP3,,
IMP4,,
IMPA1,,
IMPA2,,
IMPAD1,,
IMPDH1,,
IMPDH2,,0.008034257922463983
INA,1.6721344116652392e-06,
INCENP,,
INF2,,
ING4,,
INHBA,,
INHBB,,
INHBE,,
INO80,,
INO80E,,
INPP5B,,
INPP5F,,
INPP5F(1),,
INPPL1,,
INSR,,
INSR(1),,
INSRR,,
INTS1,,
INTS10,,
INTS11,,
INTS13,,
INTS14,,0.014019701536215476
INTS2,,
INTS3,,
INTS4,,
INTS6L,,
INTS7,,
INTS9,,
IP6K1,,
IPO11,,
IPO7,,
IPO9,,
IQCB1,,
IQCJ-SCHIP1,,
IQGAP1,,
IQGAP2,,
IQGAP3,,
IQSEC1,,
IQSEC2,,
IRAK1,,
IRAK4,,
IREB2,,
IRF2BP1,,
IRF2BP2,,
IRF2BP2(1),,
IRF2BPL,,
IRF3,,
IRF5,,
IRF6,,
IRF7,2.1337641685526982e-05,
IRF9,,
IRGQ,,
IRS2,,
ISCA1,,
ISCA2,,0.008034257922463983
ISCU,,
ISG15,,
ISLR,,
ISOC1,,
ISPD,,
IST1,,
IST1(1),,
ISYNA1,,
ISYNA1(1),,
ITFG1,,
ITFG2,,
ITGA2,,
ITGA2B,9.281883457726773e-06,
ITGA3,,
ITGA4,,
ITGA5,,
ITGA6,9.281883457726773e-06,
ITGA6(1),9.281883457726773e-06,
ITGA7,7.362820486290059e-14,
ITGA7(1),7.362820486290059e-14,
ITGA9,,
ITGAL,,
ITGAM,,
ITGAX,,
ITGB1BP1,,
ITGB2,,
ITGB7,,
ITGB8,,
ITIH1,,
ITIH2,,
ITIH3,,
ITIH4,3.558423661914422e-05,
ITIH4(1),0.00015588072831785132,
ITM2B,,
ITPA,,
ITPA(1),,
ITPKB,0.0016459222356410988,
ITPKC,,
ITPR1,7.955910684367475e-06,
ITPR2,,
ITPR3,,
ITPRIP,,
IVD,,
IVNS1ABP,,
IWS1,,
JAG1,,
JAGN1,,
JAK2,,
JAM3,,
JCAD,,
JCHAIN,0.011304666592526161,
JMJD7,,
JMY,,
JPH2,3.981230478963776e-07,
JPT2,,
JTB,,
JUND,,
KANK2,1.1533122009724758e-09,
KANK3,1.1074169766873593e-05,
KANK4,4.4702591743584566e-05,
KARS,,
KAT14,,
KAT2A,,
KAT2B,,
KAT5,,
KAT6A,,
KAT6B,,
KATNA1,,
KATNAL1,,
KATNAL2,,
KATNB1,,
KBTBD11,,
KBTBD4,,
KBTBD7,,
KCMF1,,
KCNAB2,,
KCNMA1,1.2512656558980828e-05,
KCTD18,,
KCTD21,,
KDM1A,,
KDM1B,,
KDM2A,,
KDM3A,,
KDM4A,,
KDM5A,,
KDM5B,,
KDM5C,,
KDM5C(1),,
KDSR,,
KEAP1,,
KHSRP,,
KIAA0040,,
KIAA0100,0.0006638046008082901,
KIAA0319L,,
KIAA0368,,
KIAA0391,,
KIAA1143,,
KIAA1211,,
KIAA1217,,
KIAA1217(1),,
KIAA1324,,
KIAA1324L,,
KIAA1468,,
KIAA1522,,
KIAA1551,,
KIAA2013,,
KIDINS220,,
KIF11,,
KIF13A,,
KIF13A(1),,
KIF13B,,
KIF15,,
KIF16B,,
KIF18B,,
KIF1A,,
KIF1B,,
KIF1B(1),,
KIF1C,,
KIF20A,,
KIF21A,,
KIF22,,
KIF23,,
KIF2A,,
KIF2C,,
KIF3A,,
KIF3B,,
KIF3C,,
KIF5A,,
KIF5C,,
KIF7,,
KIFAP3,,
KIFC1,,
KIFC3,,
KIRREL1,,
KLC1,,
KLC2,,
KLC3,,
KLC4,,
KLHDC4,,
KLHL20,,
KLHL22,,
KLHL26,,
KLHL7,,0.03299231967309536
KLHL9,,
KLK10,,
KLK11,,
KLK13,0.0014627051877747885,
KLK14,,
KLK5,,
KLK6,,
KLK8,,
KLKB1,,
KMO,,
KMT2A,,
KNG1,,
KNG1(1),,
KNOP1,,0.0043633514100748965
KNSTRN,,
KPNA1,,
KPNA3,,
KPNA5,,
KPNA6,,
KPTN,,
KRAS,,
KRAS(1),,
KRI1,,
KRIT1,,
KRR1,,
KRT1,,
KRT12,,
KRT14,0.0034602727693709722,
KRT15,,
KRT16,,
KRT19,,
KRT23,,
KRT26,,
KRT27,,
KRT31,0.00021412542691033907,
KRT33A,0.0011170938866968568,
KRT36,9.247688414564203e-06,
KRT4,,
KRT7,,
KRT8,,
KRT80,,
KRT82,,
KRTDAP,,
KSR1,,
KTI12,,
KTN1,,
KXD1,,
KYAT3,,
KYNU,,
L1CAM,,
LACTB,,
LACTB2,,
LAMA2,2.967716935084196e-07,
LAMA3,,
LAMA3(1),,
LAMA4,1.6721344116652392e-06,
LAMA5,2.967716935084196e-07,
LAMB1,,
LAMB2,6.01814190450272e-15,
LAMB3,,
LAMC1,7.41592146431765e-09,
LAMC2,,
LAMP1,,
LAMP2,,
LAMP3,,
LAMTOR1,,
LAMTOR2,,
LAMTOR3,,
LAMTOR4,,
LAMTOR5,,
LANCL1,,
LANCL2,,
LAPTM4B,,
LARP4B,,
LARP7,,
LARS,,
LARS2,,
LAS1L,,
LBH,,
LBR,,
LCAT,1.5301115990269903e-06,
LCMT1,,
LCN2,,
LDB1,,
LDHA,,
LDHB,,
LDHC,,
LDHD,3.786357593152485e-06,
LDLR,,
LDLRAP1,,
LECT2,,
LEF1,,
LEFTY1,,
LEMD3,,
LENG1,,
LETM1,,
LETMD1,,
LFNG,,
LGALS4,,
LGALS8,,
LGALSL,,
LHPP,,
LIG1,,
LIG3,,
LILRB4,,
LIMCH1,4.4702591743584566e-05,
LIME1(1),,
LIMS2,0.00015588072831785132,
LIMS2(1),0.00015588072831785132,
LIN37,,
LIN7C,,
LIN9,,
LIPA,,
LIPE,,
LIPT2,,
LLGL1,,
LLGL2,,
LLPH,,
LMAN1,,
LMAN2,,
LMBRD2,,
LMF2,,
LMNA,,
LMNB2,,
LMO7,,
LMO7(1),,
LMOD1,7.41592146431765e-09,
LMTK2,,
LNPEP,,
LONP1,,
LONP2,,
LOR,,
LOXL2,,
LOXL4,,
LPA,,
LPAR1,3.981230478963776e-07,
LPCAT1,,
LPCAT3,,0.04742306453728053
LPCAT4,,
LPIN2,,
LPL,,
LPP,7.41592146431765e-09,
LPXN,,
LRBA,,
LRBA(1),,
LRCH3,,
LRCH4,,
LRCH4(1),,
LRG1,,
LRMDA,,
LRP1,,
LRP2,,
LRP5,,
LRP6,,
LRRC14,,
LRRC17,1.605536775081235e-07,
LRRC20,,
LRRC25,,
LRRC32,,
LRRC40,,
LRRC45,,
LRRC47,,
LRRC57,,
LRRC59,,
LRRC8D,,0.02149347104114694
LRRK2,,
LSG1,,
LSM1,,
LSM12,,
LSM14A,,
LSM2,,
LSM4,,
LSM6,,
LSM7,,
LSR,,
LSR(1),,
LSS,,
LTBP1,,
LTBP1(1),,
LTBP2,,
LTBP3,,
LTBP3(1),,
LTBR,,
LTF,9.377850698921178e-05,
LTV1,,
LUC7L,,
LUC7L(1),,
LURAP1L,,
LY6D,1.798828270938592e-06,
LY6H,,
LYAR,,
LYN,,
LYN(1),,
LYPD1,,
LYPD3,,
LYPLA1,,
LYPLA1(1),,
LYPLA1(2),,
LYPLA2,,
LYPLAL1,,
LYRM7,,
LYRM9,,
LYSMD1,,
LYVE1,7.2878964250216235e-09,
LYZ,,
LZIC,,
LZTFL1,,
LZTR1,,
LZTS1,,
LZTS3,,
M6PR,,
MACC1,,
MACF1,,
MACROD2,,
MAD2L1,,
MADD,,
MAGEA10,,
MAGEA4,,
MAGEA9,,
MAGED4,,
MAGI1,,
MAGI3,,
MAGOH,,
MAGT1,,
MAIP1,,
MALSU1,,
MALT1,,
MAMDC2,0.00015588072831785132,
MAML2,0.00015588072831785132,
MAN1A1,,
MAN1A2,,
MAN1B1,,
MAN2A1,,
MAN2A2,,
MAN2B1,,
MANBA,,
MANF,,
MANSC1,,
MAOA,9.281883457726773e-06,
MAP1A,0.00021412542691033907,
MAP1B,,
MAP1S,,
MAP2,,
MAP2(1),,
MAP2K1,,
MAP2K3,,
MAP2K3(1),,
MAP2K6,,
MAP2K7,,
MAP3K1,,
MAP3K11,,
MAP3K20,2.967716935084196e-07,
MAP3K20(1),2.76822251883333e-07,
MAP3K21,,
MAP3K3,,
MAP3K4,,
MAP3K7,0.0006638046008082901,
MAP4,,
MAP4K3,,
MAP4K4,,
MAP4K4(2),,
MAP7,,
MAP7D1,,
MAP7D1(1),,
MAPK1,,
MAPK12,,
MAPK7,,
MAPK8,4.4702591743584566e-05,
MAPKAP1,,
MAPKAPK3,,
MAPKBP1,,
MAPRE2,,
MARC1,,
MARCH5,,
MARCH6,,
MARCKS,,
MARF1,,
MARK1,,
MARK3,,
MASP2,,
MAT2B,,
MAT2B(1),,
MATN2(1),,
MATR3,,
MAVS,,
MAX,,
MB,,
MB21D1,,
MB21D2,,
MBD1,,
MBD2,,
MBD3,,
MBIP,,
MBL2,0.00021412542691033907,
MBLAC1,,
MBNL3,,
MBOAT1,,
MBOAT7,,
MBP,,
MBTPS2,,
MCAM,1.6721344116652392e-06,
MCAT,,
MCC,,
MCCC1,,
MCCC2,,
MCEE,,
MCFD2,,
MCL1,,
MCM10,,
MCM2,,
MCM3,,
MCM5,,
MCM7,,
MCMBP,,
MCMBP(1),,
MCOLN1,,
MCTP2,,
MCTS1,,
MCUB,,
MDC1,,
MDK,,
MDN1,,
ME1,1.3086186277632908e-11,
ME2,,
MECOM,,
MECP2,,
MECP2(1),,
MECR,,
MED1,,
MED13,,
MED13L,,
MED14,,
MED16,,
MED18,,
MED19,,
MED20,,
MED22,,
MED23,,
MED28,,
MED29,,
MED30,,
MED4,,
MED8,,
MED9,,
MEF2A,4.4702591743584566e-05,
MEF2D,1.6721344116652392e-06,
MEGF6,,
MEGF8,,
MEIS1,,
MEMO1,,
MEN1,,
MEPCE(1),,
MERTK,,
MESD,,
MEST,,
MET,,
METAP1,,
METAP1D,,
METRNL,4.908359194980419e-05,
METTL1,,
METTL13,,
METTL14,,
METTL16,,
METTL17,,
METTL18,,
METTL26,,
METTL3,,
METTL5,,
METTL7B,,
MEX3A,,
MEX3C,,
MEX3D,,
MFAP2,,
MFAP4,1.6721344116652392e-06,
MFAP5,2.76822251883333e-07,
MFAP5(1),1.6721344116652392e-06,
MFF,,
MFF(1),,
MFGE8,,
MFN1,,
MFN2,,
MFSD1,,
MFSD10,,
MFSD3,,
MFSD6,,
MGA,,
MGARP,,
MGAT1,,
MGAT2,,
MGAT4A,,
MGAT5,,
MGEA5,,
MGLL,0.0006638046008082901,
MGME1,,
MGMT,,
MGP,,
MGRN1,,
MGST1,,
MGST3,,
MIA3,,
MIB2,0.00021412542691033907,
MICAL3,,
MICALL1,4.4702591743584566e-05,
MICU1,,0.02149347104114694
MIEN1,,
MIER1,,
MIF,,
MIGA1,,
MIGA2,,
MINDY1,,
MINPP1,,
MIOS,0.00015588072831785132,
MIPEP,,0.029014056617839585
MIS12,,
MISP3,,
MITD1,,
MITF,4.4702591743584566e-05,
MKI67,,
MKL1,,
MKLN1,,
MKRN1,,
MKRN2,,
MLF1,0.00011325739611037245,
MLF2,,
MLH1,,
MLLT1,,
MLST8,,
MLX,,
MLYCD,,
MMAA,,
MMACHC,,
MMADHC,,
MME,,
MMGT1,,
MMP10,,
MMP12,,
MMP14,,
MMP15,,
MMP7,,
MMP8,,
MMP9,,
MMRN2,9.81373832050456e-10,
MMS19,,0.014019701536215476
MMS22L,,
MNDA,,
MOB1B,,
MOB3A,,
MOB4,,
MOCS1,,
MOCS2,,
MOCS3,,
MOGS,,
MON2,,
MORC2,,
MORF4L2,,
MOSPD2,2.1337641685526982e-05,
MOXD1,,
MPC2,,
MPG,,
MPHOSPH10,,
MPHOSPH6,,
MPHOSPH8,,
MPLKIP,,
MPO,0.0016459222356410988,
MPP1,3.558423661914422e-05,
MPP5,,
MPRIP,,
MPST,,
MPV17L2,,
MPZ,6.757654590455715e-05,
MPZL2,,
MRC1,9.281883457726773e-06,
MRGBP,,
MRGPRF,1.1533122009724758e-09,
MRI1,,
MRM1,,
MRM3,,0.011397892454071518
MRNIP,,
MROH1,,
MROH8,,
MRPL17,,0.011397892454071518
MRPL2,,
MRPL21,,
MRPL28,,
MRPL37,,
MRPL38,,
MRPL4,,
MRPL43,,0.01654283248270526
MRPL45,,0.029014056617839585
MRPL48,,
MRPL54,,
MRPL57,,0.01654283248270526
MRPS10,,
MRPS15,,
MRPS16,,
MRPS18B,,
MRPS22,,
MRPS24,,
MRPS25,,
MRPS26,,
MRPS28,,
MRPS30,,
MRPS31,,
MRPS33,,
MRPS35,,0.014019701536215476
MRPS36,,
MRPS5,,
MRPS6,,
MRPS7,,
MRRF,,
MRS2,,
MRVI1,9.247688414564203e-06,
MSH2,,
MSH3,,
MSL1,,
MSL2,,
MSLN,,
MSLN(1),,
MSRB2,,
MST1,,
MSTO1,,
MT-ATP6,,
MT-CO1,0.0034602727693709722,
MT-CO3,,
MT-ND1,,
MT-ND2,,
MT-ND4,,
MT-ND5,,
MT1A,,
MT1E,,
MT1F,,
MT1G,,
MT1G(1),,
MT1H,,
MT1X,,
MT2A,,
MTA1,,
MTA3,,
MTCH2,,
MTCH2(1),,
MTCH2(2),,
MTERF4,,
MTFR1,,
MTG2,,
MTHFD1,,
MTHFD2,,
MTHFD2L,,
MTHFR,,
MTHFS,,
MTHFSD,,
MTHFSD(1),,
MTIF3,,
MTMR1,,
MTMR10,,
MTMR14,,
MTO1,,
MTOR,,
MTPAP,,
MTSS1L,0.00021412542691033907,
MTTP,8.799428094362713e-05,
MTURN,0.00021412542691033907,
MTX2,,
MTX3,,
MTX3(1),,
MUC1,,
MUC16,,
MUC5B,,
MUSTN1,4.548957783325073e-08,
MUT,,
MVB12A,,
MVB12B,,
MVD,,
MVK,,
MVP,,
MX2,,
MXRA5,,
MXRA7,0.0006638046008082901,
MXRA8,,
MYBPC1,,
MYBPC1(1),,
MYBPC1(2),,
MYD88,,
MYDGF,,
MYEF2,,
MYEF2(1),,
MYH1,,
MYH11,7.41592146431765e-09,
MYH11(1),7.41592146431765e-09,
MYH13,,
MYH14,9.247688414564203e-06,
MYH14(1),9.247688414564203e-06,
MYH2,,
MYH3,,
MYH4,,
MYH6,0.01817338535370717,
MYH7,,
MYH8,,
MYL12A,9.281883457726773e-06,
MYL12B,9.281883457726773e-06,
MYL2,,
MYL4,,
MYL5,0.015334638369895624,
MYL6,9.281883457726773e-06,
MYL6(1),9.281883457726773e-06,
MYL6B,9.247688414564203e-06,
MYL9,1.6721344116652392e-06,
MYLK,1.1672917428024444e-09,
MYLK(1),7.41592146431765e-09,
MYLK(2),7.41592146431765e-09,
MYLPF,,
MYO10,,
MYO1A,0.00015588072831785132,
MYO1C,7.462204538435088e-09,
MYO1C(1),5.0226746352351196e-08,
MYO1E,,
MYO1F,,
MYO1G,,
MYO5B,,
MYO5C,,
MYO6,,
MYO6(1),,
MYO9A,,
MYO9B,,
MYOF,,
MYOZ1,,
MYSM1,,
MZB1,,
MZT2A,,
N6AMT1,,
NAA30,,
NAA38,,
NAA50,,
NAAA,,
NABP2,,
NACC1,,0.014019701536215476
NACC2,,
NADK2,,
NADSYN1,,
NAE1,,
NAGA,,
NAGLU,,
NAMPT,,
NANS,,
NAPEPLD,,
NAPG,,
NAPRT,,
NARF,,
NARFL,,
NARS,,
NARS2,,
NASP,,
NAT1,,
NAT10,,
NAT14,,
NAXD,,0.01654283248270526
NAXE,,
NBEA,,
NBEAL2,,
NBL1,,
NCALD,,
NCAPD2,,
NCAPD3,,
NCAPG,,
NCAPG2,,
NCBP1,,
NCDN,,
NCEH1,,
NCF1,,
NCF2,,
NCF4,,
NCK1,,
NCK1(1),,
NCKAP1,,
NCKIPSD,,
NCL,,
NCLN,,
NCOA4,,
NCOA5,,
NCOA7,,
NCSTN,,
NDC1,,
NDRG1,,
NDRG2,,
NDRG2(1),,
NDRG2(2),,
NDRG3,,
NDUFA10,,
NDUFA11,,
NDUFA12,,
NDUFA13,,
NDUFA2,,
NDUFA3,,
NDUFA4,,
NDUFA4L2,,
NDUFA5,,
NDUFA7,,
NDUFA8,,
NDUFA9,,
NDUFAF2,,
NDUFAF3,,
NDUFAF4,,
NDUFAF6,,
NDUFB1,,
NDUFB10,,
NDUFB11,,
NDUFB2,,
NDUFB3,,
NDUFB4,,
NDUFB5,,
NDUFB7,,
NDUFB8,,
NDUFB9,,
NDUFC2,,
NDUFS1,,
NDUFS2,,
NDUFS3,,
NDUFS4,,
NDUFS5,,
NDUFS6,,
NDUFS7,,
NDUFS8,,
NDUFV1,,
NDUFV2,,
NEBL,,
NEBL(1),,
NECAP1,,
NECTIN2,,
NECTIN2(1),,
NECTIN3,,
NECTIN4,,
NEDD1,,
NEDD4(1),0.00021412542691033907,
NEFH,2.76822251883333e-07,
NEFL,1.6721344116652392e-06,
NEFM,1.6721344116652392e-06,
NEGR1,5.731106290471217e-08,
NEK1,,
NELFA,,
NELFCD,,
NEMF,,
NEMP1,,
NENF,,
NEO1,,
NEPRO,,
NES,2.76822251883333e-07,
NEU1,,
NEURL4,,
NFASC,0.0003817009048612878,
NFASC(1),6.884962856633729e-05,
NFATC1,,
NFATC2,,
NFATC2IP,,
NFIA,,
NFIB,,
NFIC,,
NFIX,,
NFIX(1),,
NFKB2,,
NFKB2(1),,
NFKBIB,,
NFKBIE,,
NFRKB,,
NFS1,,
NFXL1,,
NFYB,,
NFYC,,
NGDN,,
NGEF,,
NGLY1,,
NHEJ1,,
NHP2,,
NID1,9.81373832050456e-10,
NIF3L1,,
NIFK,,
NINJ2,,
NIP7,,
NIPBL,,
NIPBL(1),,
NIPSNAP1,,0.029014056617839585
NIPSNAP2,,0.008034257922463983
NIPSNAP3A,,
NIPSNAP3B,,
NISCH,,
NIT2,,
NKAP,,
NKIRAS2,,
NKRF,,
NKTR,,
NLE1,,
NLN,,
NLRC4,,
NLRP2,,
NMD3,,
NME1,,
NME3,,
NME6,,
NMNAT1,,
NMNAT3,,
NMRAL1,,
NMRK1,,
NMT1,,
NNT,,
NNT(1),,
NOB1,,
NOC4L,,
NOL10,,
NOL11,,
NOL3,,
NOL4L,,
NOL6,,
NOL7,,
NOL8,,0.02149347104114694
NOL9,,
NOLC1,,
NOLC1(1),,
NOMO1,,
NOMO2,,
NOMO3,,
NOP14,,
NOP16,,
NOP2,,
NOP2(1),,
NOP56,,
NOP58,,
NOS1AP,,
NOSTRIN,,
NOTCH2,4.4702591743584566e-05,
NOTCH3,,
NOTUM,,
NOV,,
NOVA1,,
NOVA2,,
NOXA1,,
NPC2,,
NPEPL1,,
NPM3,,
NPNT,,
NPNT(1),,
NPR1,,
NPR2,,
NPRL2,,
NPTX2,,
NPTXR,,
NPY,1.1057737452442151e-05,
NQO1,,
NR1H2,2.868996460170455e-05,
NR2C2AP,,
NR2F6,,
NRAS,,
NRBP2,,
NRCAM,,0.01654283248270526
NRF1,,
NRGN,,
NRM,,
NRP1,2.3523117436743422e-08,
NRP2,,
NSD3,,
NSD3(1),,
NSDHL,,
NSF,,
NSFL1C,,
NSL1,,
NSMAF,,
NSMCE1,,
NSMCE2,,
NSMCE4A,,
NSRP1,,
NSUN2,,
NT5C2,,
NT5C3A,,
NT5C3A(1),,
NT5DC1,,
NT5DC2,,
NT5DC3,,
NT5E,2.76822251883333e-07,
NTAN1,0.0006638046008082901,
NTHL1,,
NTN1,1.956529199266264e-05,
NTN4,,
NTPCR,,0.014019701536215476
NUAK2,,
NUB1,,
NUBP1,,
NUBP2,,
NUBPL,,
NUCB1,,
NUCB2,,
NUCKS1,,
NUDC,,
NUDCD1,,
NUDCD2,,
NUDT10,,
NUDT16L1,,0.014019701536215476
NUDT19,,
NUDT2,,
NUDT21,,
NUDT3,,
NUDT4,,
NUDT4(1),,
NUDT5,,
NUDT5(1),,
NUDT9,,
NUF2,,
NUFIP2,,
NUMA1,,
NUMA1(1),,
NUMB,,
NUP107,,
NUP133,,
NUP188,,
NUP210,,
NUP214,,
NUP214(1),,
NUP37,,
NUP43,,
NUP50,,
NUP62,,
NUP85,,
NUP93,,
NUSAP1,,
NUTF2,,
NXF1,,
NXT1,,
OAF,3.558423661914422e-05,
OARD1,,
OAS3,,
OAT,,
OBP2A,,
OBP2B,,
OBSL1,,
OCIAD2,,
OCRL,,
ODF2,0.00039614281178972473,
OGDH,,
OGDHL,,0.011397892454071518
OGFOD2,,
OGFOD2(1),0.00021412542691033907,
OGFOD3,,
OGFR,,
OGN,4.723541611092268e-16,
OGT,,
OLA1,,
OLFM4,0.0016459222356410988,
OLFML2A,,
OLFML2B,,
OLFML3,4.4702591743584566e-05,
OLFML3(1),0.00021412542691033907,
OMD,,
OPA1,,0.01654283248270526
OPA3,,
OPLAH,,
ORC2,,
ORC3,,
ORC5,,
ORM1,,
ORM2,,
OS9,,
OSBP,,
OSBPL10,,
OSBPL1A,,
OSBPL3,,
OSBPL3(1),,
OSCP1,,
OSGEP,,
OSTC,,
OSTM1,,
OTUB2,,
OTUD5,,
OTUD6B,,
OTUD7A,,
OVCA2,,
OVGP1,7.647724486811768e-05,
OXR1,,
OXR1(1),,
OXSM,,
OXSR1,,
P2RX4,,
P3H2,,
PAAF1,,
PABPC4,,
PABPC4(1),,
PABPC4L,,
PABPN1,,
PACS1,,
PACS2,,
PADI2,,0.01654283248270526
PADI4,0.00039614281178972473,
PAF1,,
PAFAH1B2,,
PAFAH1B3,,
PAFAH2,,
PAGE2,,
PAGR1,,
PAICS,,
PAIP1,,
PAIP1(1),,
PAIP2B,,
PAK1,,
PAK1IP1,,
PAK4,,
PALD1,,
PALM(1),9.247688414564203e-06,
PALM2,,
PALM3,,
PALMD,4.4702591743584566e-05,
PAM,,
PAN2,,
PANK2,,
PANK4,,
PANX1,,
PAPLN,0.00021412542691033907,
PAPOLA,,
PAPOLG,,
PAPSS1,,
PAPSS2,,
PARD3B,,
PARD6B,,
PARG,,
PARK7,,
PARN,,
PARP10,,
PARP12,,
PARP2,,
PARP4,,
PARVA,0.00021412542691033907,
PARVB,,
PASK,,
PATL1,0.0006638046008082901,
PAWR,,
PAX2,,
PAX5,,
PAXX,,
PBDC1,,
PBK,,
PBLD,0.0004576636315086509,
PBRM1,,
PBX1,,
PBX2,,
PBX3,,
PC,,
PCBP2,,
PCBP2(1),,
PCBP2(2),,
PCCA,,
PCCB,,
PCDH1,,
PCDH12,,
PCDHB11,,
PCDHB13,,
PCDHB15,,
PCDHB2,,
PCDHB3,,
PCDHB5,,
PCDHB8,,
PCDHB9,,
PCDHGA10,,
PCDHGA3,,
PCDHGA8,,
PCDHGB5,,
PCDHGC3,9.281883457726773e-06,
PCDHGC4,,
PCF11,,
PCGF2,,
PCID2,,
PCIF1,,
PCK1,,
PCK2,,
PCLAF,,
PCM1,,
PCMTD1,,0.02149347104114694
PCNA,,
PCNT,,
PCOLCE,,
PCOLCE2,0.0048967468670756496,
PCP4,,
PCSK2,,
PCSK5,,
PCTP,,
PCYT1A,,
PCYT1B,,
PDCD11,,
PDCD2,,
PDCD4,,0.014019701536215476
PDCD5,,
PDCD6,,
PDCD6(1),,
PDCD6IP,,
PDCD7,,
PDCL,,
PDE12,,0.014019701536215476
PDE1A,,
PDE3A,,
PDE4DIP,,
PDE5A,7.955910684367475e-06,
PDGFC,,
PDGFRA,0.00021412542691033907,
PDGFRB,,
PDGFRL,,
PDHA1,,
PDHB,,
PDIA2,,
PDIA3,,
PDIA4,,
PDIA5,,
PDIA6,,
PDK1,,
PDK2,0.00039614281178972473,
PDK3,,
PDK4,,
PDLIM2,,
PDLIM7,4.4702591743584566e-05,
PDP1,,
PDPR,,
PDS5A,,
PDS5B,,
PDXDC1,,
PDXK,,
PDZD11,,
PDZD8,,
PDZK1,,
PDZRN3,,
PEA15,,
PEAK1,3.558423661914422e-05,
PEBP1,,
PECAM1,4.4702591743584566e-05,
PECR,,
PEG10,,
PELI2,,
PELO,,
PEPD,,
PERP,,
PET100,,
PEX1,1.2327264079235705e-05,
PEX13,,0.01654283248270526
PEX14,,
PEX16,,
PEX19,,
PEX3,0.0006638046008082901,
PEX5,,
PF4V1,9.247688414564203e-06,
PFAS,,
PFDN1,,
PFDN2,,
PFDN4,,
PFDN5,,
PFDN6,,
PFKFB1,,
PFKFB2,,
PFKFB2(1),,
PFKFB3,,
PFKFB4,,
PFKL,,
PFKM,,0.005884791076475706
PFKP(1),,
PFN2,,
PFN2(1),,
PGAM1,,
PGAM2,,
PGAM5,,
PGAM5(1),,
PGAP1,,
PGD,,
PGGT1B,,
PGK1,,
PGLS,,
PGLYRP1,,
PGLYRP2,0.00015588072831785132,
PGM1,,
PGM2,,
PGM2L1,,
PGM5,1.3086186277632908e-11,
PGP,,
PGR,,
PGRMC2,,
PHACTR2,7.841920166763178e-05,
PHACTR4,,
PHB,,0.014019701536215476
PHB2,,0.011397892454071518
PHC1,,
PHF10,,
PHF11,,
PHF2,,
PHF20,,
PHF21A,,
PHF23,,
PHF6,,
PHF8,,
PHGDH,,
PHIP,,
PHKA1,,
PHKA2,,
PHKB,,
PHKG1,,
PHLDA2,,
PHLDA3,,
PHRF1,,
PHYH,,
PHYHD1,,
PHYHIPL,,
PHYKPL,,
PI3,,
PI4K2A,,
PI4K2B,,
PI4KA,0.00021412542691033907,
PI4KB,,
PIAS2,,
PICK1,,
PIEZO1,,
PIGA,,
PIGK,,
PIGO,,
PIGQ,,
PIGR,,
PIGS,,
PIGT,,
PIGU,,
PIGW,,
PIH1D1,,
PIK3AP1,,
PIK3C3,,
PIK3CA,,
PIK3CG,,
PIK3IP1,,
PIK3R2,,
PIK3R4,,
PIN1,,
PIN4,,
PIP,,
PIP4K2C,,
PIP5K1A,0.0006638046008082901,
PIP5K1C,3.558423661914422e-05,
PIR,,
PISD,,
PITHD1,,
PITPNB,,
PITPNC1,,
PITPNM1,,
PITRM1,,
PKHD1L1,,
PKP1,0.00523602206780942,
PKP2,,0.014019701536215476
PKP3,,
PKP4,,
PKP4(1),,0.01654283248270526
PLA2G12A,,
PLA2G15,,
PLA2G4A,,
PLAA,,
PLAC9,2.967716935084196e-07,
PLAT,,
PLAU,,
PLAUR,,
PLBD1,,
PLBD2,,
PLCB1,,
PLCB3,,
PLCB4,,
PLCD3,,
PLCG2,,
PLCH1,,
PLCXD3,,
PLD1,0.0005721938205806849,
PLD2,,
PLD3,,
PLD4,,
PLEKHA2,,
PLEKHA4,,
PLEKHA5,,
PLEKHA5(1),,
PLEKHA6,,
PLEKHF1,,
PLEKHF2,,
PLEKHG2,,
PLEKHM1,,
PLEKHM2,,
PLEKHO1,,
PLEKHS1,,
PLG,,
PLGRKT,,
PLIN2,,
PLIN3,,
PLIN3(1),,
PLK1,,
PLOD1,,
PLOD2,,
PLOD3,,
PLP2,9.377850698921178e-05,
PLPBP,,
PLPP2,,
PLPP3,2.76822251883333e-07,
PLPP6,,
PLTP,,
PLVAP,7.41592146431765e-09,
PLXDC1,,
PLXDC2,,
PLXNB1,,
PLXNB2,,
PM20D2,,
PMF1-BGLAP,,
PMM1,,
PMM2,,
PMPCA,,
PMPCB,,
PMS1,,
PMS2,,
PMVK,,
PNISR,,
PNMA1,,
PNMA8A,,
PNO1,,
PNP,,
PNPLA2,,
PNPLA4,,
PNPLA6,,
PNPLA7,,
PNPLA8,,
POC1B-GALNT4,,
POC5,,
PODN,2.749291864056335e-07,
PODXL,,0.008034257922463983
POF1B,,
POFUT1,,
POFUT2,,
POGK,,
POGLUT1,,
POGZ,,
POLB,,
POLD1,,
POLD2,,
POLD3,,
POLD4,,
POLE3,,
POLE4,,
POLG,0.0006638046008082901,
POLG2,,0.02149347104114694
POLR1B,,
POLR1D,,
POLR1E,,
POLR2B,,
POLR2C,,
POLR2J3,,
POLR2L,,
POLR3A,,0.011397892454071518
POLR3C,,0.011397892454071518
POLR3D,,
POLR3E,,
POLR3F,,
POLR3K,,
POLRMT,,
POMGNT1,,
POMGNT2,,
POMK,,
POMP,,
PON1,,
PON2,,
PON3,,
POP4,,
POR,,
PORCN,,
POSTN,,
POSTN(1),,
POSTN(2),,
POSTN(3),,
POTEF,1.6721344116652392e-06,
POTEI,2.76822251883333e-07,
POTEJ,1.6721344116652392e-06,
POU2F1,,
POU2F2,,
PPA1,,
PPA2,,
PPAT,,
PPCS,,
PPFIA2,,
PPFIBP1,,
PPFIBP1(1),,
PPFIBP2,,
PPHLN1,,
PPIB,,
PPIH,,
PPIL2,,
PPIL3,,
PPIL4,,
PPIP5K2,,
PPL,,0.02149347104114694
PPM1A,,
PPM1B,,
PPM1G,,
PPM1H,,
PPM1L,,
PPME1,,
PPOX,,
PPP1R11,,
PPP1R12A,2.76822251883333e-07,
PPP1R12B,1.3945086996898124e-10,
PPP1R12C,7.41592146431765e-09,
PPP1R12C(1),1.1533122009724758e-09,
PPP1R13B,,
PPP1R16A,,
PPP1R1B,,
PPP1R21,,
PPP1R37,,
PPP1R7,,
PPP1R8(1),,
PPP1R9A,,
PPP2R1A,,
PPP2R2A,,
PPP2R2D,,
PPP2R5A,,
PPP2R5C,,
PPP2R5C(1),,
PPP2R5D,,
PPP2R5E,0.00039614281178972473,
PPP3CA,,
PPP3CB,,
PPP3R1,,
PPP4C,,
PPP4R1,0.00021412542691033907,
PPP4R3A,,
PPP4R3A(1),,
PPP4R3B,,
PPP5C,,
PPP5D1,,
PPP6C,,
PPP6R1,,
PPP6R2,,
PPP6R3,,
PPT1,,
PQBP1,,
PRAF2,,
PRAG1,,
PRAM1,0.00039614281178972473,
PRAME,,
PRC1,,
PRCP,,
PRDX1,,
PRDX5,,
PRDX6,,
PREB,,
PRELP,9.247688414564203e-06,
PREP,,
PREPL,,
PREX2,,
PRG4,,
PRG4(1),,
PRIM1,,
PRIM2,,
PRKAA1,,
PRKAA2,,
PRKACA,,
PRKACB(1),,
PRKACG,,
PRKAG2,,
PRKAR1A,,
PRKAR2B,,
PRKCA,,
PRKCD,,
PRKCI,,
PRKCQ,,
PRKCSH,,
PRKCSH(1),,
PRKRA,,
PRKX,,
PRMT2,,
PRMT3,,
PRMT5,,
PROCR,9.247688414564203e-06,
PROM1,,
PROM2,,
PROS1,,
PROSER2,,
PROZ,,
PRPF18,,
PRPF3,,
PRPF38A,,
PRPF4,,
PRPF40A,,
PRPS1,,
PRPS1(1),,
PRPS2,,
PRPSAP1,,
PRPSAP2,,
PRR14,,
PRR14L,,
PRR15,,
PRR36,,
PRR5-ARHGAP8,,
PRRC1,,
PRRX2,4.4702591743584566e-05,
PRSS1,2.76822251883333e-07,
PRSS21,,
PRSS23,,
PRSS33,,
PRSS8,,0.04742306453728053
PRTFDC1,,
PRTN3,,
PRUNE1,,
PRUNE2,0.0008708882515707048,
PSAP,,
PSAP(1),,
PSAT1,,0.04742306453728053
PSD3,,
PSD4,0.0028938554423265962,
PSEN1,,
PSIP1,,
PSMA2,,
PSMA3,,
PSMA6,,
PSMB10,,
PSMB2(1),,
PSMB3,,
PSMB4,,
PSMB5,,
PSMB6,,
PSMB8,,
PSMB9,,
PSMC1,,
PSMC1(1),,
PSMC2,,
PSMC3,,
PSMC4,,
PSMC6,,
PSMD1,,
PSMD10,,
PSMD12,,
PSMD13,,
PSMD14,,
PSMD2,,
PSMD6,,
PSMD7,,
PSMD8,,
PSME4,,0.03744156904994159
PSMF1,,
PSMF1(1),,
PSMG1,,
PSMG2,,
PSMG4,,
PSPC1,,
PSPH,,
PSTPIP2,,
PTBP1,,
PTBP1(1),,
PTBP3,,
PTCD3,,
PTDSS1,,
PTDSS2,,
PTER,,
PTGDS,,
PTGES2,,
PTGES3L-AARSD1,,
PTGFRN,0.00015588072831785132,
PTGR1,,
PTGR2,,0.011397892454071518
PTGS1,,
PTGS2,,
PTK2,,
PTMS,,
PTN,,
PTP4A2,,
PTP4A3,,
PTPA,,
PTPN1,,
PTPN11(1),,
PTPN14,,
PTPN2,,
PTPN21,,
PTPN23,,
PTPN3,,
PTPN6,,
PTPN7,,
PTPRA,,
PTPRE,,
PTPRF,,
PTPRG,,
PTPRJ,,
PTPRK,,
PTPRM,,
PTTG1IP,,
PUDP,,
PUM2,,
PUSL1,,
PVR,,
PWP1,,
PWP2,,
PWWP2A,,
PXDN,,
PXMP2,,
PXMP4,,
PXN,,
PXN(1),,
PYCR2,,
PYCR3,,
PYGB,,
PYGL,,
PYGM,,
PYROXD1,,
PZP,,
QARS,,
QKI,,
QPCT,,
QPCTL,,
QPRT,,
QRICH1,,
QRSL1,,
QSER1,,
QSOX1,,
QSOX2,,
R3HCC1,,
RAB10,,
RAB11A,,
RAB11B,,
RAB11FIP2,,
RAB14,,
RAB1A,,
RAB1B,,
RAB22A,,
RAB23,4.4702591743584566e-05,
RAB24,,
RAB25,,
RAB27A,,
RAB27B,,
RAB2A,,
RAB2B,,
RAB34,,
RAB34(1),,
RAB3A,,
RAB3B,,
RAB3D,,
RAB3GAP2,,
RAB3IP,,
RAB44,,
RAB4A,,
RAB4B,,
RAB5A,,
RAB6A,,
RAB6A(1),,
RAB6B,,
RAB7A,,
RAB9A,,
RABAC1,,
RABEPK,,
RABGAP1,,
RABGAP1L,,
RABGEF1,,
RABGGTA,,
RABGGTB,,
RABL2B,,
RABL3,0.0034602727693709722,
RABL6,,
RAC1,,
RAC1(1),,
RAC2,,
RAC3,,
RACGAP1,,
RAD17,,
RAD23A,,
RAD23A(1),,
RAD23B,,
RAD51AP1,,
RAD54B,,
RAD9A,,
RAE1,,
RAF1,,
RAI1,,
RAI2,,
RALBP1,,
RALGAPA1,,
RALGAPA2,,
RALGAPB,,
RALGAPB(1),,
RALGPS2,,
RAN,,
RAN(1),,
RANBP1,,
RANBP10,,
RANBP17,,
RANBP2,,0.03744156904994159
RANGAP1,,
RAP1A,,
RAP1B,,
RAP1GAP,,
RAP1GDS1,,
RAP1GDS1(1),,
RAPGEF3,,
RAPGEF6,,
RARG,,
RARRES1,,
RARRES2,,
RARS,,
RARS2,,
RASAL1,,
RASAL1(1),,
RASIP1,7.462204538435088e-09,
RASSF2,,
RASSF5,,
RASSF7,,0.028323698822151154
RAVER1,,
RBBP5,,
RBBP7,,
RBBP8,,
RBBP9,,
RBCK1,,
RBFOX2,,
RBFOX2(1),,
RBKS,,
RBL2,,
RBM10,,
RBM19,,
RBM23,,
RBM26,,
RBM26(1),,
RBM28,,
RBM3,,
RBM39,,
RBM42,,
RBM47,,
RBM6,,
RBMS1,,
RBMS1(1),,
RBMS2,,
RBMS3,,
RBP4,,
RBP7,4.548957783325073e-08,
RBX1,,
RC3H1,,
RC3H2,,
RCBTB1,,
RCC1L,,
RCC2,,
RCHY1,,
RCL1,,
RCOR1,,
RCOR2,,
RCOR3,,
RDH10,,
RDH11,,
RDH13,,
RDH14,,
RDX,,
RECK,1.3635218139576124e-10,
RECQL,,
RECQL4,,
REEP4,,
REEP5,,
RELA,,
RELB,,
REPIN1,,
REPS2,,
RETN,,
RETREG3,,
REV3L,,
REXO2,,
REXO4,,
RFC1,,
RFC5,,
RFLNB,,
RFTN1,,
RFWD2,,
RFX1,,
RFX3,,
RFX5,,
RFXAP,,
RGL3,,
RGS10,,
RGS14,,
RGS19,0.0016459222356410988,
RGS3,,
RHBDD2,,
RHBDF2,,
RHEB,,
RHOB,0.0034602727693709722,
RHOG,,
RHOJ,,
RHOQ,,
RHOT1,,
RHPN2,,
RIC8B,,
RIDA,,
RIF1,,
RILP,,
RILPL2,,
RIN3,,
RING1,,
RINT1,,
RIOX1,,
RIOX2,,
RIPK1,,
RIPK2,,
RLF,,
RMDN2,,
RMND1,,
RNASE1,,
RNASE2,0.0010083903459780475,
RNASE3,,
RNASE4,4.4702591743584566e-05,
RNASE6,,
RNASEH1,,
RNASEH2A,,
RNASEH2B,,
RNASEH2C,,
RNASEK,,
RNASET2,,
RNF113A,,
RNF114,,
RNF14,,
RNF149,,
RNF169,,
RNF170,,
RNF181,,
RNF185,,
RNF2,,
RNF20,,
RNF214,,
RNF219,,
RNF25,,
RNF34,,
RNF40,,
RNF41,,
RNF7,,
RNGTT,,
RNPEP,,
RNPEPL1,,
ROBO1,,
ROBO2,,
ROCK1,0.0006638046008082901,
ROMO1,,
RP2,,
RP9,,
RPA1,,
RPA3,,
RPAP1,,
RPE,,
RPL13A,,
RPL14,,
RPL19,,
RPL22L1,,
RPL23A,,
RPL30,,
RPL5,,
RPLP1,,
RPLP2,,
RPN2,,
RPP30,,
RPP38,,
RPRD1B,,
RPRD2,,
RPRD2(1),,
RPS14,,
RPS19BP1,,
RPS21,,
RPS27A,,
RPS6KA1,,
RPS6KA2,,
RPS6KA5,,
RPS9,,
RPUSD2,,
RPUSD3,,
RRAGA,,
RRAGB,,
RRAGC,,
RRAGD,,
RRAS,1.1672917428024444e-09,
RRM1,,
RRM2,,
RRM2B,,
RRP1,,0.0602225811816047
RRP7A,,
RRP8,,
RSAD2,,
RSF1,,
RSPO3,,
RSU1,1.3086186277632908e-11,
RSU1(1),1.2196295581995826e-12,
RTCA,,
RTCB,,
RTEL1,,
RTFDC1,,
RTKN,,
RTL8A,,
RTL8C,,
RTN1,,
RTN1(1),,
RTN2,,
RTN3,,
RTN3(1),,
RTN4IP1,,
RTP4,,
RTTN,,
RUFY1,,
RUFY2,,
RUVBL1,,
RUVBL2,,
RWDD1,,
RWDD4,,
RXRA,,
RXRB,,
S100A1,,
S100A12,0.0014627051877747885,
S100A13,,
S100A2,,
S100A3,,
S100A4,,
S100A7,,
S100A8,,
S100A9,,
S100B,4.4702591743584566e-05,
S100P,,
SAA1,,
SAA2,,
SAAL1,,
SACM1L,,
SAE1,,
SALL2,,0.014726277545367475
SALL2(1),,0.008217365320583977
SAMD1,,
SAMD12,,
SAMD4A,,
SAMD4B,,
SAMD9L,,
SAMHD1,,
SAMM50,,0.0038782277406425275
SAP130,,
SAP30,,
SAP30L,,
SAR1A,,
SAR1B,,
SARNP,,
SARS,,
SARS2,,
SART3,,
SASH1,,
SAT2,,
SAV1,,
SAYSD1,,
SBF2,7.462204538435088e-09,
SBNO2,,
SBSPON,2.967716935084196e-07,
SC5D,,
SCAF11,,
SCAI,,
SCAMP3,,
SCAMP4,,
SCARB1,,
SCARB2,,
SCARB2(1),,
SCCPDH,,0.01654283248270526
SCD5,,
SCEL,,
SCEL(1),,
SCFD1,,
SCFD2,,
SCG3,,
SCGB1A1,,
SCGB1D2,,
SCGB2A1,,
SCIN,,
SCLY,,
SCOC,,
SCP2,,
SCPEP1,,
SCYL1,,
SCYL2,,
SCYL3,,
SDC1,,
SDC2,,
SDC3,,
SDCBP,,
SDCBP(1),,
SDCCAG3,,
SDF2,,
SDF2L1,,
SDF4,,
SDHA,,
SDHAF3,,
SDHB,,
SDHC,,
SDHD,,
SDR16C5,,
SDR39U1,,
SDS,,
SDSL,,
SEC11A,,
SEC11A(1),,
SEC11C,,
SEC14L2,,
SEC16A,,
SEC16A(1),,
SEC22A,,
SEC22B,,
SEC23B,,
SEC23IP,,
SEC24C,,
SEC61A1,,
SEC61A2,,
SEC63,,
SECTM1,,
SEH1L,,
SEL1L,,
SEL1L3,,
SELENOF,,
SELENOI,,
SELENON,,
SELENOP,1.1014972175758624e-05,
SELENOS,,
SELENOT,,
SEMA3B,,
SEMA3C,,
SEMA3F,,
SEMA3G,,
SEMA4B,,
SEMA4C,,
SEMA4D,,
SEMA7A,,
SENP1,0.006522580258607845,
SEPHS1,,
SEPHS2,,
SEPT10,0.00021412542691033907,
SEPT2,4.4702591743584566e-05,
SEPT3,,
SEPT5(1),,
SERAC1,,
SERBP1,,
SERBP1(1),,
SERINC1,,
SERINC3,,
SERINC5,,
SERPINA1,3.558423661914422e-05,
SERPINA10,0.0008706588922579512,
SERPINA11,,
SERPINA3,1.7576408045111383e-06,
SERPINA4,,
SERPINA5,,
SERPINA6,,
SERPINA7,2.1337641685526982e-05,
SERPINB1,,
SERPINB2,,
SERPINB5,0.01817338535370717,0.01654283248270526
SERPINB8,,
SERPINB9,,
SERPINC1,,
SERPIND1,,
SERPINE1,,
SERPINE2,,
SERPINF1,,
SERPINF2,0.00015588072831785132,
SERPING1,,
SERPINH1,,
SESTD1,,
SETD1A,,
SETD1B,,
SETD3,,
SETD7,1.6721344116652392e-06,
SETD9,,
SETMAR,,
SF3A1,,
SF3A3,,
SF3B1,,
SF3B4,,
SF3B5,0.0032862580816680185,
SFRP1,3.558423661914422e-05,
SFRP2,,
SFRP4,,
SFRP5,,
SFSWAP,,
SFT2D3,,
SFXN2,,
SFXN4,,
SFXN5,,0.01654283248270526
SGCE,0.00021412542691033907,
SGPL1,,
SGPP1,,
SGSM3,,
SGTA,,
SGTB,,
SH2B1,,
SH2B2,,
SH2D1A,,
SH2D4A,,
SH3BGRL,9.281883457726773e-06,
SH3BGRL2,,
SH3BP4,,
SH3BP5L,0.0004994344785738371,
SH3GL2,,
SH3GL3(1),,
SH3GLB2,,
SH3KBP1,,
SH3KBP1(1),,
SHBG,,
SHC1,,
SHCBP1,,
SHKBP1,,
SHMT1,,
SHROOM3,,
SHROOM4,,
SHTN1,,
SIAE,,
SIDT2,,
SIGIRR,,
SIGLEC14,,
SIGMAR1,,
SIK3,,
SIL1,,
SIN3B,,
SIPA1L1,,
SIRPA,,
SIRT3,,
SIRT7,,
SIX4,,
SIX5,,
SKAP2,,
SKIV2L,,
SKIV2L2,,
SKP1,,0.0043633514100748965
SLAIN1,,
SLAIN2,,
SLBP,,
SLC12A7,,
SLC12A9,,
SLC15A2,,
SLC15A3,,
SLC16A1,,
SLC16A7,,
SLC17A5,,
SLC1A4,,
SLC1A5,,
SLC1A5(1),,
SLC20A2,,
SLC22A18,,
SLC25A1,,
SLC25A11,,0.011397892454071518
SLC25A13,,
SLC25A15,,
SLC25A20,,
SLC25A24,,
SLC25A26,,
SLC25A29,,
SLC25A3,,
SLC25A3(1),,
SLC25A30,,
SLC25A32,,
SLC25A36,,
SLC25A4,,
SLC25A40,,
SLC25A42,,
SLC25A5,,
SLC25A6,,
SLC26A2,,
SLC26A6,,
SLC27A1,,0.014019701536215476
SLC27A2,,
SLC27A4,,
SLC27A6,,
SLC28A3,,
SLC2A1,,
SLC2A3,,
SLC2A8,,
SLC30A5,,
SLC30A6,,
SLC30A7,,
SLC30A9,,
SLC35A1,,
SLC35A2,,
SLC35A3,,
SLC35B1,,
SLC35B2,,
SLC35B3,,
SLC35E1,,
SLC35E3,,
SLC38A1,,
SLC39A10,,0.0038782277406425275
SLC39A11,,
SLC39A14,,
SLC39A6,,
SLC3A2,,
SLC41A3,,
SLC44A2,,
SLC44A2(1),,
SLC4A1,0.0006638046008082901,
SLC4A11,,
SLC4A1AP,,
SLC52A2,,
SLC5A1,,
SLC5A3,,
SLC6A6,,
SLC7A1,,0.02149347104114694
SLC7A5,,
SLC7A6,,
SLC7A7,,
SLC8A1,0.0007807709473580961,
SLC9A3R1,,
SLC9A3R2,,
SLC9A3R2(1),,
SLC9A6,,
SLC9A6(1),,
SLC9A7,,
SLFN11,,
SLFN13,,
SLFN5,,
SLIT2,,
SLIT3,,
SLK,,
SLK(1),,
SLMAP,1.3686810797414183e-09,
SLMAP(1),1.3686810797414183e-09,
SLMAP(2),1.3686810797414183e-09,
SLPI,,
SLTM,,
SMAD1,,
SMAD3,,
SMAD4,,
SMAD5,,
SMAP1,,
SMAP2,,
SMARCA1,,
SMARCA2,,
SMARCA4,,
SMARCA4(1),,0.011397892454071518
SMARCA5,,
SMARCAD1,,
SMARCAL1,,
SMARCB1,,
SMARCB1(1),,
SMARCC1,,
SMARCD1,,
SMARCD2,,
SMARCD3,,
SMARCE1,,
SMC1A,,
SMC3,,
SMC5,,
SMC6,,
SMCHD1,,
SMCR8,,
SMG5,,
SMG7,,
SMG8,,
SMG9,,
SMIM12,,
SMOC2,,
SMPD2,0.0001188606851176677,
SMPD4,,
SMS,,
SMTN,7.41592146431765e-09,
SMUG1,,
SMURF2,,
SMYD2,,
SMYD3,,
SMYD5,,
SNAP25,,
SNAP29,,
SNAP47,,
SNCG,,
SND1,,
SNF8,,
SNIP1,,
SNRNP40,,
SNRNP70,,
SNRPE,,
SNRPF,,
SNTA1,9.247688414564203e-06,
SNTB1,,
SNU13,,
SNX1,,
SNX16,,
SNX2,,
SNX2(1),,
SNX21,,
SNX24,,
SNX30,,
SNX4,,
SNX5,,
SNX7,,
SNX8,,
SOD1,,
SOD3,7.362820486290059e-14,
SOGA3,,
SORBS1,7.362820486290059e-14,
SORBS1(1),7.362820486290059e-14,
SORBS1(2),7.362820486290059e-14,
SORBS2,9.247688414564203e-06,
SORBS2(1),4.4702591743584566e-05,
SORBS2(2),4.4702591743584566e-05,
SORD,,
SORL1,,
SORT1,,
SOS2,,
SOWAHC,,
SOX11,,
SP1,,
SP100,,
SP100(1),,
SP4,,
SPACA9,3.450060376056564e-05,
SPAG1,,
SPAG7,,
SPATA18,7.955910684367475e-06,
SPATA18(1),7.955910684367475e-06,
SPATA5,0.0034602727693709722,
SPATS2,,
SPC24,,
SPCS1,,
SPCS2,,
SPCS3,,
SPEG,,
SPG11,,
SPG21,,
SPG7,,
SPIN1,,
SPINT1,,
SPINT1(1),,
SPOCK1,,
SPON1,,
SPON2,,
SPOUT1,,
SPP1,,
SPP1(1),,
SPP1(2),,
SPP2,,
SPR,,
SPRYD3,,
SPRYD4,,
SPTA1,9.281883457726773e-06,
SPTAN1,9.281883457726773e-06,
SPTAN1(1),9.281883457726773e-06,
SPTB,9.377850698921178e-05,
SPTLC1,,
SPTLC2,,
SPTLC3,,
SPTY2D1,,
SQLE,,
SQOR,,
SQSTM1,,
SRA1,,
SRCAP,,
SRCIN1,,
SRD5A3,,
SREBF1,,
SREK1,,
SRFBP1,,
SRGAP3,,0.01654283248270526
SRGN,,
SRM,,
SRP68,,
SRPK1,,
SRPK2,,
SRPRA,,
SRPX,2.967716935084196e-07,
SRPX2,,
SRRT,,
SRSF10,,
SRSF3,,
SRSF7,,
SRXN1,,
SS18,,
SS18L1,,
SSBP1,,
SSBP2,,
SSFA2,,
SSNA1,,
SSR2,,
SSR4,,
SSRP1,,
SSSCA1,,
SSSCA1(1),,
SSU72,,
ST13,,
ST3GAL1,,
ST3GAL4,,
ST3GAL6,,
ST6GAL1,,
ST6GALNAC1,,
ST7,,
ST7(1),,
STAG2,,
STAM2,,
STAMBP,,
STARD13,,
STARD3,,
STARD9,,
STAT3,,
STAT3(1),,
STAU1,,
STBD1,4.4702591743584566e-05,
STEAP3,,
STEAP4,2.76822251883333e-07,
STIM1,,
STIP1,,
STK24,,
STK25,,
STK26,,
STK3,,
STK32C,,
STK33,,
STK36,,
STK38L,,
STK39,,
STK4,,
STOM,5.0226746352351196e-08,
STOML1,,
STOML2,,
STON2,,
STRAP,,
STRIP1,,
STRN3,0.0006638046008082901,
STRN3(1),0.0006638046008082901,
STRN4,,
STT3A,,
STT3B,,
STX10,,
STX17,,
STX18,,
STX4,,
STX5,,
STXBP1,,
STXBP2,,
STXBP3,,
STXBP4,,
STXBP5,,
STXBP6,,
SUB1,,
SUCLA2,,0.01654283248270526
SUCLG1,,
SUCLG2,,
SUFU,4.664573084695426e-06,
SUGCT,,0.01654283248270526
SUGP2,,
SULT1A1,,
SULT1A4,,
SULT1C2,,
SULT1C4,,
SULT2B1,0.0025691175260979695,
SUMF1,,
SUMF2,,
SUMF2(1),,
SUMO2,,
SUMO3,,
SUN1,0.0006638046008082901,
SUOX,,
SUPT16H,,
SUPT5H,,
SURF1,,
SUSD2,,
SVBP,,
SVIL,4.4702591743584566e-05,
SWAP70,,
SYAP1,,
SYBU,,
SYF2,,
SYK,,
SYK(1),,
SYMPK,,
SYNC,1.7913181323912444e-08,
SYNE1,1.7576408045111383e-06,
SYNE1(1),1.7576408045111383e-06,
SYNE2,,
SYNE3,9.281883457726773e-06,
SYNGR2,,
SYNJ2BP-COX16,,
SYNM,2.2228431111022515e-17,
SYNM(1),2.2228431111022515e-17,
SYNPO,,
SYNPO(1),,
SYNPO2,1.3635218139576124e-10,
SYNPO2(1),1.3086186277632908e-11,
SYNPO2L,1.8378748884147324e-05,
SYNRG,,
SYPL1,,
SYTL1,,
SZRD1,,
SZT2,,
TAB2,,
TACC3,,
TADA1,,
TADA3,3.558423661914422e-05,
TAF1,,
TAF12,,
TAF1L,,
TAF4,,
TAF5L,,
TAF6,,
TAF7,,
TAF8,,
TAGLN2,,
TAMM41,,
TANGO2,1.7576408045111383e-06,
TANGO6,,
TANK,,
TAOK2,,
TAP1,,
TAPBPL,,
TAPT1,,
TARBP1,,
TARS,,
TARSL2,,
TATDN1,,
TATDN1(1),,
TATDN2,,
TATDN3,,
TAX1BP3,,
TBC1D10B,,0.008034257922463983
TBC1D10C,,
TBC1D12,,
TBC1D13,,
TBC1D17,,
TBC1D22A,,
TBC1D22B,,
TBC1D24,,0.0043633514100748965
TBC1D4,,
TBC1D5,,
TBC1D7,,
TBC1D8,,
TBC1D8B,,
TBC1D9,,
TBC1D9B,,
TBCA,,
TBCB,,
TBCC,,
TBCK,,
TBK1,,
TBL1X,,
TBL1XR1,,
TBL1XR1(1),,
TBL2,,
TBL3,,
TBP,,
TBRG4,,
TBX2,,
TCAF2,,
TCEA1,,
TCEA2,,
TCEA3,,
TCEAL4,,
TCERG1,,
TCF12,,
TCF25,,
TCF4,,
TCN1,,
TCOF1,,
TCOF1(1),,
TCP1,,
TCP11L1,,
TCTN1,,
TCTN3,,
TDP1,,
TDRD3,,
TDRP,,
TEAD2,,
TEAD4,,
TECPR1,,
TECR,,
TELO2,,
TENM3,,
TENM4,,
TERF2,,
TERF2IP,,
TEX264,,
TF,,
TFAM,,0.014019701536215476
TFAP2A,,
TFAP4,,
TFB1M,,
TFB2M,,
TFCP2,,
TFCP2(1),,
TFCP2L1,,
TFDP2,,
TFF3,,
TFIP11,,
TFPI2,,
TFRC,,
TGFB1,,
TGFB1I1,4.4702591743584566e-05,
TGFB2,,
TGFB3,,
TGFBI,,
TGFBR3,,
TGIF1(1),,
TGIF2,,
TGM1,,
TGM2,1.5301115990269903e-06,
TGM3,,
TGOLN2,,
TGOLN2(1),,
THAP11,,
THAP12,,
THAP4,,
THBD,,
THBS1,,
THBS2,,
THBS3,,
THEM4,,
THEM6,,
THEMIS2,,
THNSL1,,0.02149347104114694
THOC1,,
THOC2,,
THOC6,,
THOC7,,0.014019701536215476
THOP1,,
THSD4,,
THSD4(1),,
THSD7A,1.0720073458456968e-05,
THUMPD1,,0.014019701536215476
THUMPD2,,
THYN1,,
TIA1,,0.011397892454071518
TIAM1,,
TIGAR,,
TIMELESS,,
TIMM10,,
TIMM10B,,
TIMM13,,
TIMM17A,,
TIMM23,,
TIMM29,,
TIMM44,,
TIMM50,,
TIMM9,,
TIMMDC1,,
TIMP1,,
TIMP3,2.76822251883333e-07,
TINAGL1,9.247688414564203e-06,
TIPRL,,
TJP2,,
TJP2(1),,
TK1,,
TKFC,,
TKT,,0.008034257922463983
TKTL1,,
TKTL2,0.00021412542691033907,
TLDC1,,
TLE1,,
TLE2,,
TLE3,,
TLE4,,
TLN1,4.4702591743584566e-05,
TLN2,7.462204538435088e-09,
TLR2,,
TLR3,,
TM4SF1,,
TM7SF3,,
TM9SF1,,
TM9SF1(1),,
TM9SF2,,
TM9SF3,,
TMA16,,
TMA7,,
TMC4,,
TMCC1,,
TMCC2,,
TMCC3,,
TMCO1,,
TMCO3,,
TMCO4,,
TMED1,,
TMED10,,
TMED2,,
TMED4,,0.02149347104114694
TMED5,,
TMED7,,
TMED7-TICAM2,,
TMED8,,
TMEM106B,,
TMEM11,,
TMEM120A,,
TMEM120B,,
TMEM126B,,
TMEM132A,,
TMEM135,,
TMEM141,,
TMEM143,,
TMEM14C,,0.011397892454071518
TMEM159,,
TMEM160,,
TMEM161A,,
TMEM165,,
TMEM173,,
TMEM179B,,
TMEM186,,
TMEM189,,
TMEM2,,
TMEM201,,
TMEM205,,
TMEM208,,
TMEM209,,
TMEM214,,
TMEM219,,
TMEM222,,
TMEM230,,
TMEM231,,0.02149347104114694
TMEM256,,
TMEM260,,
TMEM30A,,
TMEM33,,
TMEM35B,,
TMEM38A,,
TMEM39A,,
TMEM41B,,
TMEM55A,,
TMEM55B,,
TMEM57,,
TMEM59,,
TMEM62,,
TMEM63A,,
TMEM63B,,
TMEM65,,
TMEM68,,
TMEM69,,
TMEM87B,,
TMEM9,,
TMEM94(1),,
TMEM97,,
TMEM9B,,
TMF1,,
TMOD3,,
TMPO(2),,
TMPO(3),,
TMPPE,,
TMPRSS4,,
TMSB10,,
TMUB1,,
TMUB2,,
TMX1,,
TMX2,,
TMX3,,
TMX4,,
TNC,,
TNFAIP2,,
TNFAIP3,,
TNFAIP6,,
TNFAIP8L3,1.3945086996898124e-10,
TNFRSF11B,,
TNFRSF6B,,
TNFSF10,,
TNFSF13,,
TNK1,,
TNKS1BP1,,
TNNI1,,
TNNI2,,
TNNT1,,
TNNT3,,
TNNT3(1),,
TNPO1,,
TNPO2,,
TNRC18,,
TNRC6B,,
TNS1,6.01814190450272e-15,
TNS1(1),6.01814190450272e-15,
TNS2,6.01814190450272e-15,
TNS3,,
TNXB,0.00039614281178972473,
TOM1L1,,
TOM1L2,4.548957783325073e-08,
TOMM22,,
TOMM34,,
TOMM40,,
TOMM40L,,0.008034257922463983
TOMM5,,
TOMM6,,
TOMM70,,
TOP1,,
TOP2A,,
TOP3A,,
TOPBP1,,
TOR1A,,
TOR1AIP1(1),,
TOR1AIP2(1),,
TOR1B,,
TOR4A,,
TP53BP2,,
TP53I11,1.1014972175758624e-05,
TP53RK,,
TPBG,,
TPCN1,,
TPD52,,
TPD52L1,,
TPD52L2(1),,0.03744156904994159
TPI1,,
TPK1,,
TPM1,2.76822251883333e-07,
TPM1(1),1.3635218139576124e-10,
TPM1(2),4.548957783325073e-08,
TPM1(3),2.76822251883333e-07,
TPM2,4.548957783325073e-08,
TPM2(1),2.76822251883333e-07,
TPM3,2.76822251883333e-07,
TPM3(1),2.76822251883333e-07,
TPM3(2),4.548957783325073e-08,
TPM4,9.247688414564203e-06,
TPMT,,
TPP2,,
TPP2(1),,
TPPP,9.377850698921178e-05,
TPPP3,0.0016459222356410988,
TPRG1L,,
TPRKB,,
TPRN,,
TPSAB1,1.3086186277632908e-11,
TPSD1,4.548957783325073e-08,
TPST1,,
TPT1,,
TRAF1,,
TRAF3IP2,,
TRAF5,,
TRAM1,,
TRAM2,,
TRAPPC1,,
TRAPPC12,0.00015588072831785132,
TRAPPC2,,
TRAPPC2L,,
TRAPPC5,,
TRAPPC8,,
TREX1,,
TRIAP1,,
TRIM11,,
TRIM16,,
TRIM2,,
TRIM22,,
TRIM24,,
TRIM25,,
TRIM27,,
TRIM28,,
TRIM29,,
TRIM32,,
TRIM33,,
TRIM33(1),,
TRIM36,,
TRIM44,,
TRIM5,,
TRIM58,,
TRIM68,,
TRIOBP,2.76822251883333e-07,
TRIP11,,
TRIP12,,
TRIP12(1),,
TRIP13,,
TRIP4,,
TRIP6,,
TRIR,,
TRIT1,,
TRMT1,,
TRMT112,,
TRMT1L,,
TRMT5,,
TRMT61A,,
TRMT61B,,
TRMU,,
TRNT1,,
TRO,,
TROVE2,,
TRPC4AP,,
TRPM4,,
TRPM7,,
TRPS1,,
TRPT1,,
TRPV2,,
TRRAP,,
TRUB1,,0.014019701536215476
TSC22D1,,
TSC22D1(1),,
TSC22D2,,
TSC22D3(1),,
TSEN15,,
TSEN2,,
TSEN54,,
TSFM,,
TSFM(1),,
TSG101,,
TSGA10,0.00024339317480582054,
TSKU,0.00033379159768365783,
TSN,,0.0043633514100748965
TSNAX,,0.014019701536215476
TSPAN13,,
TSPAN14,,
TSPAN15,,
TSPAN3,,
TSPAN31,,
TSPAN6,,
TSPAN8,,
TSPO,,
TSR1,,
TST,,
TSTA3,,
TSTD1,,
TTC1,,
TTC13,,
TTC17,,
TTC17(1),,
TTC19,,
TTC21B,,
TTC27,,
TTC28,,
TTC33,,
TTC37,,
TTC39A,,
TTC5,,
TTC7A,,
TTC8,0.003940066197816565,
TTC9,,
TTC9C,,
TTF2,,
TTI1,,
TTI2,,
TTK,,
TTL,,
TTLL12,,
TTR,,
TTYH3,,
TUB,,
TUBB1,,
TUBB4A,,
TUBB4A(1),,
TUBB6,,
TUBB6(1),,
TUBB8,,
TUBG1,,
TUBG2,,
TUBGCP2,,
TUBGCP2(1),,
TUBGCP4,,
TUBGCP5,,
TUBGCP6,,
TULP3,,
TUSC3,,
TVP23C,,
TWF1,,
TWF2,,
TWISTNB,,
TWSG1,,
TXLNA,,
TXN,,
TXN2,,
TXNDC12,,
TXNDC15,,
TXNDC16,,
TXNDC5,,
TXNDC9,,
TXNL1,,
TXNRD1,,
TXNRD1(1),,
TYK2,,
TYMS,,
TYSND1,,
TYW1,,
UACA,,
UACA(1),,
UAP1,,
UAP1L1,,
UBA1,,
UBA2,,
UBA3,,
UBA5,,
UBA52,,
UBA6,,
UBA7,,
UBAC2,,
UBAP1,,
UBAP2,,
UBASH3B,,
UBB,,
UBE2A,,
UBE2C,,
UBE2D2,,
UBE2E1,,
UBE2E2,,
UBE2E3,,
UBE2F,,
UBE2G1,,
UBE2G2,,
UBE2H,,
UBE2I,,
UBE2J1,,
UBE2J2,,
UBE2K,,
UBE2L3,,
UBE2M,,
UBE2Q1,,
UBE2R2,,
UBE2S,,
UBE2T,,
UBE2V2,,
UBE2Z,,
UBE3C,,
UBE4A,,
UBE4B,,
UBFD1,,0.029014056617839585
UBL4A,,
UBL5,,
UBLCP1,,
UBN1,,
UBOX5,,
UBP1,,
UBQLN1,,
UBQLN2,,
UBQLN4,,
UBR2,,
UBR4,,
UBR5,,
UBR7,,
UBTD1,,
UBTD2,,
UBXN4,,
UBXN6,,
UBXN7,,
UCHL1,,
UCHL3,,
UCHL5,,
UCHL5(1),,
UCK2,0.0008708882515707048,
UCKL1,,
UFC1,,
UFL1,,
UFM1,,
UFSP2,,
UGCG,,
UGDH,,
UGGT1,,
UGGT2,,
UGT8,,
UHRF1,,
ULK1,,
UNC119B,,
UNC13D,,
UNC45A,,
UNC5B,,
UNC93B1,,
UPF1,,
UPF2,,
UPF3A,,
UPF3B,,
UPK1B,,
UPK3B,,
UPK3BL1,,
UPP1,,
UPRT,,
UQCC1,,
UQCC2,,
UQCC3,,
UQCR10,,
UQCRB,,
UQCRC1,,
UQCRC2,,
UQCRFS1,,
UQCRH,,
UQCRQ,,
URB1,,0.02149347104114694
URGCP,,
URI1,,
URI1(1),,
UROS,,
USE1,,
USF2,,
USMG5,,
USO1,,
USO1(1),,
USP10,,
USP11,,
USP13,,
USP19,,0.01654283248270526
USP27X,,
USP28,,
USP28(1),,
USP3,5.013279221748068e-05,
USP36,,
USP38,,
USP4,,
USP4(1),,
USP46,,
USP47,,
USP47(1),,
USP48,,
USP5,,0.02149347104114694
USP54,,
USP6NL,,
USP7,,
USP9X,,
USP9Y,,
UTP11,,
UTP15,,
UTP18,,
UTP20,,0.04742306453728053
UTP23,,
UTP3,,
UTP4,,
UTP6,,
UTRN,2.76822251883333e-07,
UXS1,,
VAC14,,
VAMP2,0.00021412542691033907,
VAMP7,,
VAPA,,
VAPA(1),,
VAPB,,
VARS,,
VARS2,,
VASH1,,
VASP,,
VAV2,,
VAV3,,
VBP1,,
VCAM1,,
VCAN,,
VCL,4.4702591743584566e-05,
VDAC2,,
VDAC3,,
VDAC3(1),,
VDR,,
VGF,,
VGLL4,,
VHL,,
VIPAS39,,0.02149347104114694
VKORC1,,
VKORC1L1,,
VLDLR,,
VMA21,,
VNN1,,
VNN2,,
VPS11,,
VPS13B,,
VPS13C,,
VPS13D,,
VPS16,,
VPS26A,,
VPS33B,,
VPS37A,,
VPS37B,,
VPS39,,
VPS4A,,
VPS4B,,
VPS50,,
VPS51,,
VPS53,,
VPS54,,
VPS72,,
VSIG4,,
VSIR,,
VSNL1,,
VTA1,,
VTCN1,,
VTI1A,,
VTN,,
VWA1,9.377850698921178e-05,
VWA2,,
WAPL,,
WARS,,
WARS2,,
WASF2,,
WASL,,
WBP11,,
WBP2,,
WBP4,,
WDHD1,,
WDR1,,
WDR11,,
WDR13,,
WDR19,,
WDR20,,
WDR24,,
WDR26,,
WDR3,,
WDR33,,
WDR36,,
WDR37,,0.01654283248270526
WDR4,,
WDR45,,
WDR46,,
WDR47,,
WDR48,,
WDR5,,
WDR54,0.00021412542691033907,
WDR55,,
WDR59,,
WDR6,,
WDR60,,
WDR61,,
WDR74,,
WDR75,,
WDR76,,
WDR82,,
WDR83,,
WDR91,,
WDR92,,
WDSUB1,,
WEE1,,
WFDC2,,
WFS1,2.76822251883333e-07,
WIPF2,,
WIPF3,,
WISP2,9.958963667472548e-06,
WIZ,,
WNK1,,
WNK2,,
WNT10A,,
WNT11,,
WNT2B,,
WNT5A,,
WNT7A,,
WRB,,
WT1,,
WWC1,,
XAB2,,
XIAP,,
XPA,,
XPC,,
XPNPEP1,,
XPNPEP3,,
XPO4,,
XPO5,,
XPO7,,
XPOT,,
XRCC1,,
XRCC5,,
XRCC6,,
XRCC6(1),,
XRN1,,
XRN2,,
XYLB,,
XYLT1,,
XYLT2,,
YAP1,,
YAP1(1),,
YARS,,
YBX3,,
YBX3(1),,
YEATS4,,
YIPF2,,
YIPF3,,
YIPF6,,
YLPM1,,
YPEL5,,
YRDC,,
YTHDC1,,
YTHDF3,,
YWHAE,,
ZADH2,,
ZAP70,,
ZBED1,,
ZBED8,,
ZBP1,,
ZBTB11,,
ZBTB14,,
ZBTB16,,
ZBTB21,,
ZBTB40,,
ZBTB47,0.00035669933925336204,
ZC2HC1A,,0.014019701536215476
ZC3H11A,,
ZC3H12A,,
ZC3H13,,
ZC3H18,,
ZC3H4,,
ZC3H7A,,
ZC3H8,,
ZC3HAV1L,,
ZCCHC11,,
ZCCHC3,,
ZCCHC7,,
ZCRB1,,
ZDHHC13,,
ZDHHC17,,
ZDHHC24,,
ZDHHC6,,
ZER1,,
ZFAND2B,,
ZFAND3,,
ZFAND5,,
ZFAND6,,
ZFHX3,,
ZFP3,,
ZFP30,,
ZFP36L1,,
ZFP36L2,,
ZFP64,,
ZFP82,,
ZFX,,
ZFYVE16,,
ZFYVE19,,
ZFYVE26,,
ZFYVE27,,
ZGPAT,,
ZHX1,,
ZHX2,,
ZHX3,,
ZKSCAN1,,
ZKSCAN5,,
ZKSCAN8,,
ZMIZ2,,
ZMPSTE24,,
ZMYM2,,
ZMYM3,,
ZMYM3(1),,
ZMYM4,,
ZMYND11,,
ZMYND11(1),,
ZMYND8,,
ZMYND8(1),,
ZNF106,,
ZNF121,,
ZNF136,,
ZNF14,,
ZNF146,,
ZNF148,,
ZNF16,,
ZNF207,,
ZNF214,,
ZNF219,,
ZNF25,,
ZNF250,,
ZNF281,,
ZNF318,,
ZNF330,,
ZNF358,,
ZNF362,,
ZNF382,,
ZNF384,,
ZNF440,,
ZNF460,,
ZNF506,,
ZNF512,,0.02149347104114694
ZNF512B,,
ZNF513,,
ZNF516,,
ZNF532,,
ZNF543,,
ZNF562,,
ZNF564,,
ZNF568,,
ZNF573,,
ZNF579,,
ZNF581,,
ZNF595,,
ZNF607,,
ZNF616,,
ZNF618,,
ZNF618(1),,
ZNF618(2),,
ZNF623,,
ZNF627,,
ZNF630,,
ZNF638,,
ZNF644,,
ZNF655,,
ZNF664,,
ZNF669,,
ZNF687,,
ZNF691,,
ZNF706,,
ZNF773,,
ZNF778,,
ZNF787,0.011304666592526161,
ZNF791,,
ZNF799,,
ZNF814,,
ZNF816,,
ZNF823,,
ZNF865,,
ZNF90,,
ZNHIT1,,
ZNHIT6,,
ZNRF1,,
ZPR1,,
ZSCAN18,,
ZSCAN31,,
ZSWIM8,,
ZWINT,,
ZYG11B,,
ZZZ3,,
